Counter,Channel1
32,-0.043059689342044294
33,-0.04679556703194976
34,-0.05101258493959904
35,-0.06156405305955559
36,-0.06380328023806214
37,-0.06115995510481298
38,-0.05169136100448668
39,-0.036385326413437724
40,-0.026960581890307367
41,-0.02438239532057196
42,-0.0286386136431247
43,-0.030447991914115846
44,-0.03859612764790654
45,-0.050144667737185955
46,-0.0563063002191484
47,-0.0522121045505628
48,-0.043246620101854205
49,-0.025515729910694063
50,-0.014646147494204342
51,-0.014528488623909652
52,-0.017338100937195122
53,-0.021118392352946103
54,-0.03416104195639491
55,-0.04864402231760323
56,-0.050905020674690604
57,-0.05169838177971542
58,-0.04614823416341096
59,-0.02841167862061411
60,-0.013145808828994632
61,-0.013518146239221096
62,-0.02169536193832755
63,-0.02790663402993232
64,-0.03898530907463282
65,-0.045653623645193875
66,-0.04352876963093877
67,-0.040431924746371806
68,-0.03782836196478456
69,-0.020593935274519026
70,-0.004853619611822069
71,-0.0028009763918817043
72,-0.002215515822172165
73,-0.005046024220064282
74,-0.01616490783635527
75,-0.029215413494966924
76,-0.03151005506515503
77,-0.02745855343528092
78,-0.02634128788486123
79,-0.014005470089614391
80,-0.0012036862317472696
81,0.0027941131265833974
82,-0.011265550157986581
83,-0.006274176994338632
84,-0.009097217349335551
85,-0.018257249146699905
86,-0.019107579137198627
87,-0.013614351046271622
88,-0.008618702297098935
89,0.00514934619423002
90,0.013038769597187638
91,0.01505999336950481
92,0.004881414817646146
93,0.0030143107287585735
94,-0.0032401116332039237
95,-0.0158254416892305
96,-0.016192211769521236
97,-0.018509694724343717
98,-0.006675454904325306
99,0.0012350031174719334
100,0.006204327684827149
101,0.007749886135570705
102,0.002950670081190765
103,0.004501988762058318
104,0.0006842227885499597
105,-0.007029546075500548
106,-0.009363284450955689
107,-0.0043751506600528955
108,0.002555523533374071
109,0.013864515931345522
110,0.025641254032962024
111,0.02617654704954475
112,0.020368830068036914
113,0.015059240278787911
114,0.0068319691345095634
115,-0.004307790659368038
116,-0.005670812330208719
117,-0.004592167213559151
118,-0.004003277746960521
119,0.00341443857178092
120,0.011306826141662896
121,0.01625809702090919
122,0.010467904503457248
123,0.008102909312583506
124,0.0018393200589343905
125,-0.008315931423567235
126,-0.011135424603708088
127,0.00019768509082496166
128,0.005656501278281212
129,0.022326109698042274
130,0.02920913405250758
131,0.02681078657042235
132,0.015635399264283478
133,0.018139561754651368
134,0.0099066027905792
135,-0.000750991515815258
136,-0.004559795605018735
137,-0.0005562681471928954
138,0.0039279990596696734
139,0.01523416384588927
140,0.023593144142068923
141,0.01974105613771826
142,0.010041605797596276
143,0.012067703297361732
144,0.007748165866360068
145,-0.001930037746205926
146,-0.007688272977247834
147,0.0011991547653451562
148,0.0032409345731139183
149,0.012108949944376945
150,0.017546267597936094
151,0.012729103676974773
152,0.004017692990601063
153,-0.00028762873262166977
154,-0.006536695524118841
155,-0.026922236080281436
156,-0.031172568327747285
157,-0.02419481019023806
158,-0.020156488986685872
159,-0.006368355010636151
160,0.003980374662205577
161,0.0035780761390924454
162,-0.0060926174046471715
163,-0.007940568844787776
164,-0.014175855088979006
165,-0.024302828242070973
166,-0.02611837279982865
167,-0.020612939726561308
168,-0.019020029227249324
169,-0.012551441323012114
170,-0.0017036913195624948
171,-0.002583540976047516
172,-0.01321877574082464
173,-0.01066322170663625
174,-0.010551425977610052
175,-0.01922106824349612
176,-0.020069726277142763
177,-0.014086978859268129
178,-0.006163442390970886
179,-0.0011810497380793095
180,0.00330464995931834
181,0.0009525143541395664
182,-0.01066455035470426
183,-0.015431105741299689
184,-0.012871459359303117
185,-0.019585441332310438
186,-0.020433300640434027
187,-0.012986213201656938
188,-0.007015871233306825
189,0.0023588145850226283
190,0.01464393618516624
191,0.016174575313925743
192,0.006969824316911399
193,0.011441138456575572
194,0.014928799588233232
195,0.009628988918848336
196,0.007265658117830753
197,0.011736378306522965
198,0.01571129448711872
199,0.019679128075949848
200,0.02510342770256102
201,0.01734617236070335
202,0.004236340057104826
203,0.009687985759228468
204,0.014154241420328617
205,0.004464964848011732
206,0.0006470564985647798
207,0.010495657683350146
208,0.01593612728174776
209,0.022830454749055207
210,0.03605452296324074
211,0.03559532202780247
212,0.025867776363156736
213,0.029329346027225256
214,0.03424826601985842
215,0.027937903883866966
216,0.0294442632002756
217,0.038753462373279035
218,0.043655443005263805
219,0.04757295595481992
220,0.058313303627073765
221,0.0583018425386399
222,0.05048474867362529
223,0.051462710835039616
224,0.0539023979799822
225,0.04658071685116738
226,0.049516761559061706
227,0.058789532631635666
228,0.05975233810022473
229,0.06168903468642384
230,0.07240345131140202
231,0.06943899753969163
232,0.05281996529083699
233,0.055744261015206575
234,0.05378480034414679
235,0.04548671608790755
236,0.04696024442091584
237,0.049406777834519744
238,0.04940965096466243
239,0.053315221797674894
240,0.06258009688463062
241,0.05914438597392291
242,0.0493726636050269
243,0.048399469698779285
244,0.04986716515850276
245,0.04108737676870078
246,0.038665131316520274
247,0.04697977181058377
248,0.050888946978375316
249,0.05723033845424652
250,0.06404822750482708
251,0.058657720568589866
252,0.046934673679061234
253,0.043037929106503725
254,0.041587272891774774
255,0.03477280377410352
0,0.0318731595762074
1,0.036296327132731676
2,0.034857412916608155
3,0.04220225499011576
4,0.051485379110090435
5,0.049531444790773094
6,0.035384712857194245
7,0.034434927511028945
8,0.03055968869011849
9,0.019373569288291037
10,0.017476384178735316
11,0.021924558794125915
12,0.018071392201818526
13,0.019591361400671303
14,0.02452353434637189
15,0.021641349769197404
16,0.007055906695313752
17,0.005668234662152827
18,0.004283017595298588
19,-0.0024660704657435417
20,-0.006763932993635535
21,-0.0032485922565683722
22,0.0012362065026536584
23,0.0022981077199801803
24,0.012139375670813024
25,0.013181894551962614
26,-0.0018764282576739788
27,0.0006545012583956122
28,-0.002185386954806745
29,-0.023070589872077107
30,-0.021965531981550157
31,-0.01110545068513602
32,-0.010021585621871054
33,-0.011866715038195252
34,-0.020538415061309934
35,-0.04187872225884348
36,-0.055375511292368174
37,-0.06153053464367986
38,-0.07645578822121024
39,-0.09915998147334903
40,-0.12133585754781961
41,-0.1346909108106047
42,-0.14216786751057953
43,-0.13743513450026512
44,-0.12783211225178093
45,-0.13239351788070053
46,-0.1579240612918511
47,-0.15950449253432453
48,-0.14303150575142354
49,-0.1451257497537881
50,-0.14233756985049695
51,-0.13613918283954263
52,-0.13092728180345148
53,-0.12913936073891819
54,-0.11515822110231966
55,-0.11339791305363178
56,-0.12188535032328218
57,-0.12352765933610499
58,-0.12467900896444917
59,-0.13704861223232
60,-0.13719984574709088
61,-0.12515440559946
62,-0.11703293502796441
63,-0.10843785258475691
64,-0.10180925042368472
65,-0.09958288469351828
66,-0.10809296148363501
67,-0.1078065010951832
68,-0.10117836005520076
69,-0.10041599918622524
70,-0.09477635752409697
71,-0.08378025644924492
72,-0.07914556562900543
73,-0.07793391193263233
74,-0.06550379248801619
75,-0.060413353610783815
76,-0.06850374233908951
77,-0.06243207782972604
78,-0.052468314999714494
79,-0.0459370935568586
80,-0.04234448145143688
81,-0.026561992475762963
82,-0.009831789298914373
83,0.007356571615673602
84,0.02158731617964804
85,0.02262087445706129
86,0.0002358788624405861
87,-0.0055225539254024625
88,0.0028768264455720782
89,0.006870660115964711
90,0.015735867084003985
91,0.034342260216362774
92,0.04852493351791054
93,0.06317019602283835
94,0.0768136593978852
95,0.078724434832111
96,0.0581907054875046
97,0.058182940585538745
98,0.0708591346628964
99,0.06887728231959045
100,0.07860718143638223
101,0.10051586956251413
102,0.10579868103377521
103,0.1057056225836277
104,0.1065882567781955
105,0.09917574713472277
106,0.08006790035869926
107,0.0751414344413206
108,0.08388332824688405
109,0.08090122637804598
110,0.08426631009206176
111,0.09982147486880422
112,0.11095823417417705
113,0.11183024570345879
114,0.11660331243183464
115,0.11112292134203017
116,0.0915045056026429
117,0.08704405406024307
118,0.09186048863921314
119,0.08593557949643582
120,0.08636307320557535
121,0.09459523227997124
122,0.1008612351724878
123,0.09687115391716361
124,0.10362065071240067
125,0.1020645909011364
126,0.08587570581585169
127,0.07947238080669194
128,0.08674003183841705
129,0.07984706189017743
130,0.08662593679036945
131,0.10412528493907303
132,0.1113485983805731
133,0.11660751991439611
134,0.11844198673497885
135,0.11197960050776601
136,0.08991738967597485
137,0.08252963703125715
138,0.08783890772610903
139,0.08289381407666951
140,0.08381154062226415
141,0.09789938945323229
142,0.10269296588376164
143,0.10357508808374405
144,0.10738256620243192
145,0.09849907702300698
146,0.07353223604150116
147,0.06665996857918799
148,0.07492307364009321
149,0.07536582683678716
150,0.08068615070078522
151,0.09526600386016071
152,0.10591703897807747
153,0.1097191289300099
154,0.11351429461501539
155,0.1080334383295849
156,0.08548747864551842
157,0.08005608036182821
158,0.08878177870064974
159,0.08431995997671038
160,0.08815933822188526
161,0.10028516908641905
162,0.10409590287599713
163,0.10009414423257113
164,0.10927121771965176
165,0.1072113299742341
166,0.07783546601422131
167,0.07144047389738262
168,0.0787164558423683
169,0.08012522337958217
170,0.07957997254561633
171,0.09367099113296717
172,0.09602850081864744
173,0.0896004163660109
174,0.09050131740514189
175,0.08066782960668206
176,0.05816763744223863
177,0.05034273094497621
178,0.05131289514247328
179,0.04301215126179159
180,0.03326253581326455
181,0.040604843641631305
182,0.03915279428474605
183,0.0333126331679523
184,0.03772758808918297
185,0.029938454856164753
186,0.007527677924372256
187,0.0017434977926313877
188,0.010605012532323599
189,0.010669519775547087
190,0.006831115344539285
191,0.02397696068510413
192,0.03279891598504037
193,0.03038466116413474
194,0.03773159685079008
195,0.030430000508204103
196,0.014847912010736763
197,0.01197750389110297
198,0.017405581893399358
199,0.019409061991609633
200,0.015554782818071544
201,0.027806292637251318
202,0.035157529287971556
203,0.033226553932763636
204,0.03910451603587717
205,0.039605656056664884
206,0.0181527032982558
207,0.013812477933242917
208,0.019724735873751342
209,0.017820904264226556
210,0.024701680755242705
211,0.03986360982526094
212,0.051095774048008025
213,0.04767248721327633
214,0.05059722170699388
215,0.04522327450104058
216,0.028638303629122674
217,0.02574246737640351
218,0.03163298778235912
219,0.030195286381058395
220,0.032662870129570365
221,0.0526885335566476
222,0.0629216053057462
223,0.05313465790823102
224,0.043852851493284106
225,0.0243426572997123
226,-0.009768360760062933
227,-0.018938570632599294
228,-0.01589627913199365
229,-0.01871353550814092
230,-0.020062216790392995
231,-0.007748740026727319
232,-0.0013112853048369288
233,-0.008544990909285843
234,-0.006008887197822332
235,-0.010307143093086779
236,-0.026793940109200776
237,-0.033982317661866546
238,-0.028961688745766878
239,-0.023949928348883986
240,-0.01748348632827401
241,0.00019199575763195753
242,0.00905483728274703
243,0.004242195864208043
244,0.010658587445504963
245,0.004379532183520496
246,-0.015060265315696597
247,-0.026172113604843616
248,-0.016774592688307166
249,-0.020565615850500762
250,-0.019959246972575784
251,-0.009596971911378205
252,-0.002668013796210289
253,-0.01087462855502963
254,-0.004919075290672481
255,-0.006779649993404746
0,-0.024735880200751126
1,-0.029000456677749753
2,-0.01959768356755376
3,-0.018017135793343186
4,-0.018390756100416183
5,-0.0021768667502328753
6,0.004739133291877806
7,-0.0015290380688384175
8,0.005873654154129326
9,0.00009130872786045074
10,-0.014462025836110115
11,-0.017769003054127097
12,-0.01131312910001725
13,-0.011210718774236739
14,-0.005742149194702506
15,0.007522280910052359
16,0.015396824106574059
17,0.012036866624839604
18,0.019415502669289708
19,0.016536207869648933
20,-0.004876208258792758
21,-0.011127322912216187
22,-0.005658978829160333
23,-0.00898159178905189
24,-0.006931967451237142
25,0.0024317416828125715
26,0.009827431291341782
27,0.005013784393668175
28,0.008014237508177757
29,0.004179484327323735
30,-0.012820350471884012
31,-0.01759379159193486
32,-0.011626082705333829
33,-0.011035275063477457
34,-0.008981956401839852
35,0.005263920407742262
36,0.012654627789743245
37,0.009299546596594155
38,0.012780273100361228
39,0.005034305737353861
40,-0.013430562918074429
41,-0.012836569687351584
42,-0.0015109642408788204
43,-0.0038651973009109497
44,-0.00377600674983114
45,0.010948458570055664
46,0.019304743851535022
47,0.017401362652890384
48,0.02379474206827581
49,0.026273951632902026
50,0.012161900289356709
51,0.01027107541449368
52,0.021555476589128375
53,0.023550703306682408
54,0.025542350253090262
55,0.04021445743273944
56,0.04900627874303609
57,0.042659137630835176
58,0.05291001591831446
59,0.055824896320700645
60,0.03531782946083695
61,0.029970393050462008
62,0.040243526571430266
63,0.03879001399036497
64,0.0431931916391477
65,0.05539404437877238
66,0.05732834676746279
67,0.051941410871222615
68,0.05680875631514937
69,0.053861808963119984
70,0.03872381988912821
71,0.030442513758316636
72,0.038274833699688315
73,0.03828762483317405
74,0.04220311366952956
75,0.055868534836918116
76,0.05926480470225215
77,0.055825084913522005
78,0.06166048801969737
79,0.0630948047619313
80,0.04501257196534425
81,0.0415978014934808
82,0.04892167495563626
83,0.0445241256384179
84,0.03720722836442292
85,0.04941716673783958
86,0.05477548181079328
87,0.04744015948381275
88,0.05426536547020078
89,0.05522419675253332
90,0.036667335545644164
91,0.03326664003543556
92,0.04011672909837216
93,0.04207611607853323
94,0.04012917703948915
95,0.0537967539858073
96,0.06109795963857323
97,0.061068391310982406
98,0.06640510214492679
99,0.06539021420758218
100,0.05510792136192322
101,0.05069796880707145
102,0.059467650833539665
103,0.05748902098275721
104,0.055025966139510274
105,0.06866616767365485
106,0.0744764800183475
107,0.07003155944403261
108,0.07437567668966949
109,0.07383348722942173
110,0.06060810724738985
111,0.05374813254456967
112,0.0605599848786369
113,0.061017628642730415
114,0.061962210573256016
115,0.07071057904977351
116,0.07212558831088245
117,0.06865949591156095
118,0.07300501025747508
119,0.06758574221748859
120,0.04851625778246671
121,0.042164592538028955
122,0.05436234606895596
123,0.04946369107346982
124,0.04993997898418456
125,0.05919659847859293
126,0.06697314593475312
127,0.06497882853727788
128,0.07469629077240825
129,0.06976095447316766
130,0.05166238627862185
131,0.045792060904204845
132,0.049689038074575365
133,0.05113977927248925
134,0.05210001626983285
135,0.06671819789335132
136,0.07057767175137997
137,0.0651610781205818
138,0.06951094989199191
139,0.07092590327374637
140,0.0523364816326648
141,0.04792756377719343
142,0.05523474013898522
143,0.05277190334163606
144,0.054703984525986016
145,0.06736519513651729
146,0.07658888516016304
147,0.07262419280596077
148,0.07208135828841478
149,0.06910013570450246
150,0.053440060815773904
151,0.04854035330936313
152,0.05730900075286627
153,0.054841494536958635
154,0.05481752043124288
155,0.06308691087178886
156,0.075732147321105
157,0.0683530610986054
158,0.07269531034398824
159,0.07068771671038121
160,0.04965752083808184
161,0.039397233398631215
162,0.04427837615367025
163,0.0428087639156729
164,0.04329308378510177
165,0.05109418847132474
166,0.06278414186090231
167,0.06079350784420967
168,0.06856326339766383
169,0.06802570656873286
170,0.052853569271974266
171,0.04892878222744912
172,0.05867061787284911
173,0.05815026524942368
174,0.05860643938649446
175,0.06784296722617
176,0.07120881718583405
177,0.06481162656564265
178,0.06915833905804902
179,0.06813090096693486
180,0.05246975237969309
181,0.04561758495401591
182,0.055364328902214766
183,0.05680027115158737
184,0.057745725847780704
185,0.06503142951987684
186,0.07132839853875339
187,0.06395434238947928
188,0.06976516311988235
189,0.07166277489159256
190,0.05940932536032051
191,0.05449525162111968
192,0.05885892116930336
193,0.05979981704149395
194,0.057324014371261
195,0.06363377347588539
196,0.07090792374219745
197,0.06889994232915342
198,0.07762806385289878
199,0.07609576662071049
200,0.05651570972986519
201,0.05063006142154336
202,0.056950972182676196
203,0.056918551796115935
204,0.0524954708525911
205,0.06076419714372605
206,0.0690181456739083
207,0.06262190267443657
208,0.0684331072261557
209,0.06496478104963899
210,0.04393999872263521
211,0.033197276294231415
212,0.04149963124655187
213,0.03905453276820481
214,0.036125866579823196
215,0.046862075105309486
216,0.05757914681453258
217,0.05412951891776174
218,0.06336996762547642
219,0.0623491097940132
220,0.04620669176802039
221,0.03497133846394718
222,0.042294086306355894
223,0.03935896686743945
224,0.03350191097706556
225,0.04814479954075068
226,0.05788313702214509
227,0.05492005532141775
228,0.05488923320081085
229,0.04217434243764728
230,0.022652095300145447
231,0.008042950998060405
232,0.021267045056447387
233,0.02178358833771199
234,0.0222991801565513
235,0.031107229995541275
236,0.03502111544366926
237,0.021853331243619323
238,0.018465844565071166
239,0.01654788595624268
240,-0.0024413582868874073
241,-0.007737149950116873
242,0.0006362054264172912
243,-0.0017379536293447018
244,-0.0006929623195901513
245,0.007180041284300387
246,0.019917529658414423
247,0.017996943439356983
248,0.02632453804835677
249,0.02975882904138416
250,0.014160919701680541
251,0.005420549656264484
252,0.012306811986491084
253,0.01479019969701767
254,0.01434206950943917
255,0.022675968357361853
0,0.03050718631129712
1,0.024664719472639263
2,0.03493155702017248
3,0.03639885352458805
4,0.022740212851203978
5,0.014472111128270626
6,0.023781179916113615
7,0.021853187936358154
8,0.022855670074932277
9,0.03507683041971177
10,0.04288560734130442
11,0.03604502498637885
12,0.043851958122104406
13,0.043351551867090166
14,0.02724084339570254
15,0.024818429490551353
16,0.038011399446986616
17,0.038009000360034406
18,0.0355673071462661
19,0.047277473378926516
20,0.05506399157457054
21,0.04722547507844865
22,0.05110914364922792
23,0.04766812198795378
24,0.03252479329239577
25,0.02423816721420735
26,0.032065185834653676
27,0.03304839099291712
28,0.03305410244502127
29,0.04232885560486466
30,0.04622075078077614
31,0.03888516826555133
32,0.04327089083380997
33,0.038867501891218126
34,0.0217878328403458
35,0.010104779270477593
36,0.019907746464014053
37,0.017984934733249247
38,0.018504746723920107
39,0.028292709961533546
40,0.037575402413494885
41,0.03269397316034883
42,0.035138873499818146
43,0.03172520629595965
44,0.015633513452485204
45,0.0059123862301930785
46,0.01425887004006654
47,0.01137001789174974
48,0.013364752405323088
49,0.022673637722618878
50,0.029038873151876032
51,0.02417226682882756
52,0.02955906232818961
53,0.02371575206052512
54,0.005686590680852532
55,-0.006456397124566138
56,-0.00003960623871535063
57,-0.0029033126775175333
58,-0.005761929438449442
59,0.003092879895120859
60,0.005102096009068191
61,-0.00020997680258005857
62,0.004244333831593394
63,0.003812253475189209
64,-0.008327407645992935
65,-0.01946980564389378
66,-0.007175705395638943
67,-0.009538849582895637
68,-0.011897783377207816
69,-0.0025441679172217846
70,0.009232081356458366
71,0.006351979332976043
72,0.016161018051207066
73,0.019122748402878642
74,0.004516677465289831
75,-0.007136380882002413
76,-0.00023053004406392574
77,-0.0016303487354889512
78,-0.005954765481874347
79,0.004851780598983169
80,0.013687740778550506
81,0.007872563786804676
82,0.008897564955987036
83,0.008945037610828876
84,-0.003691625315696001
85,-0.014354454935528338
86,-0.006947969202883542
87,-0.009799421997740865
88,-0.011182253481820226
89,-0.002805661177262664
90,0.0026289774104952812
91,-0.007557160337455571
92,-0.0030897724209353328
93,0.0023453831672668457
94,0.0038681039586663246
95,0.0005096392706036568
96,0.011792564066126943
97,0.008420009515248239
98,0.008468362502753735
99,0.015834330231882632
100,0.025138584314845502
101,0.020278698997572064
102,0.030550684896297753
103,0.03787729889154434
104,0.024701246060431004
105,0.011060701566748321
106,0.01939750008750707
107,0.010156953008845448
108,0.0014206443447619677
109,0.008798815542832017
110,0.02494512835983187
111,0.02008528751321137
112,0.0225517573999241
113,0.020135336322709918
114,-0.00032718549482524395
115,-0.01977767958305776
116,-0.016264770878478885
117,-0.018612244282849133
118,-0.015101349912583828
119,-0.009157427353784442
120,0.0031179741490632296
121,-0.005118023022077978
122,-0.002606741967611015
123,-0.010344714857637882
124,-0.026362340315245092
125,-0.037473008735105395
126,-0.035392005112953484
127,-0.040144506958313286
128,-0.04147357388865203
129,-0.03499465389177203
130,-0.029015030595473945
131,-0.04060849093366414
132,-0.037545875064097345
133,-0.03790357057005167
134,-0.051432455657050014
135,-0.059570914367213845
136,-0.043790298397652805
137,-0.03828243108000606
138,-0.03424782585352659
139,-0.023878311971202493
140,-0.011575781623832881
141,-0.016857589478604496
142,-0.011885194107890129
143,-0.013751473976299167
144,-0.027322760433889925
145,-0.0350157362408936
146,-0.021229704027064145
147,-0.021127848303876817
148,-0.02541676815599203
149,-0.018477538716979325
150,-0.009599210694432259
151,-0.011957125505432487
152,0.0003245921107009053
153,0.004291093209758401
154,-0.001506406464613974
155,-0.012172085349448025
156,-0.0028170571895316243
157,-0.005186976748518646
158,-0.004137747106142342
159,0.007154424674808979
160,0.020865773665718734
161,0.014063145616091788
162,0.022883696481585503
163,0.027785768965259194
164,0.0170679718721658
165,0.010271957842633128
166,0.025441135396249592
167,0.024484368972480297
168,0.03035912849009037
169,0.038662646897137165
170,0.0498784463852644
171,0.04643882520031184
172,0.056664970237761736
173,0.05662806914187968
174,0.04293141246307641
175,0.03121039760299027
176,0.044878218322992325
177,0.04827690136153251
178,0.045327454805374146
179,0.05653075303416699
180,0.06722622225061059
181,0.0579008444910869
182,0.06176381721161306
183,0.06318059586919844
184,0.049471484147943556
185,0.03773802635259926
186,0.04114861658308655
187,0.03723537328187376
188,0.03625610389281064
189,0.042108382913284004
190,0.050389441195875406
191,0.0425567472120747
192,0.05083686287980527
193,0.05032094020862132
194,0.04102459782734513
195,0.030769001692533493
196,0.03906977432779968
197,0.03955018543638289
198,0.03759044304024428
199,0.04685461497865617
200,0.057565806549973786
201,0.048256138688884676
202,0.05311050347518176
203,0.05405338492710143
204,0.043774012359790504
205,0.03302497521508485
206,0.041808873997069895
207,0.03545383585151285
208,0.03154926316346973
209,0.03692067740485072
210,0.048136666999198496
211,0.042745848186314106
212,0.05199996067676693
213,0.05538338876795024
214,0.04461314238142222
215,0.028983473661355674
216,0.0392374312505126
217,0.033861998468637466
218,0.031423141714185476
219,0.03435488895047456
220,0.04655048029962927
221,0.03823474585078657
222,0.043105600867420435
223,0.045528501039370894
224,0.03428729565348476
225,0.02013890992384404
226,0.032359382952563465
227,0.028946983977220953
228,0.027004141244105995
229,0.029943180619738996
230,0.03824327827896923
231,0.03384454071056098
232,0.039698358974419534
233,0.03822400723583996
234,0.024556023767217994
235,0.009448726894333959
236,0.015833532554097474
237,0.012937872670590878
238,0.013950114138424397
239,0.020814707153476775
240,0.03352124965749681
241,0.027666970272548497
242,0.034019230864942074
243,0.0379209213424474
244,0.034010062692686915
245,0.02864255162421614
246,0.04279842891264707
247,0.02814609673805535
248,0.01498327893204987
249,0.015991389169357717
250,0.02577893971465528
251,0.021401491831056774
252,0.03508214245084673
253,0.04581136186607182
254,0.03212907933630049
255,0.0155439549125731
0,0.021917089470662177
1,0.019985464750789106
2,0.021960018668323755
3,0.022467489703558385
4,0.03468236525077373
5,0.027849442791193724
6,0.039078968577086926
7,0.04345862800255418
8,0.03563425305765122
9,0.020993848564103246
10,0.027844698750413954
11,0.01858437154442072
12,0.021536646177992225
13,0.02692288253456354
14,0.037665836280211806
15,0.029851448023691773
16,0.03619846666697413
17,0.03814353095367551
18,0.025937501690350473
19,0.008386780973523855
20,0.01867452054284513
21,0.012357147061266005
22,0.011417294153943658
23,0.012918329797685146
24,0.027100716601125896
25,0.020768280839547515
26,0.02615539776161313
27,0.02616658469196409
28,0.016908606747165322
29,0.0037642596289515495
30,0.01601131889037788
31,0.009698399691842496
32,0.0033966744085773826
33,0.008326626848429441
34,0.023004763876087964
35,0.017655052477493882
36,0.02841378143057227
37,0.02939641138073057
38,0.02110814640764147
39,0.005029003252275288
40,0.01483432319946587
41,0.013401715434156358
42,0.010995934950187802
43,0.018839207710698247
44,0.03252269548829645
45,0.02666793274693191
46,0.03594679827801883
47,0.03594002791214734
48,0.02276132837869227
49,0.008142450009472668
50,0.01696619880385697
51,0.01309021667111665
52,0.013123876880854368
53,0.02535364544019103
54,0.03609811654314399
55,0.02828524529468268
56,0.03804871439933777
57,0.041940616560168564
58,0.03948352416045964
59,0.025810237508267164
60,0.035577871720306575
61,0.030692679109051824
62,0.023864721995778382
63,0.029732887633144855
64,0.040469062281772494
65,0.030696512549184263
66,0.0385037783998996
67,0.037028017337433994
68,0.031164190033450723
69,0.015553773730061948
70,0.0268026664853096
71,0.021444726386107504
72,0.021950436639599502
73,0.024894452188163996
74,0.04051723761949688
75,0.030744146439246833
76,0.03806302428711206
77,0.03902682848274708
78,0.02584127988666296
79,0.005849236738868058
80,0.012236450449563563
81,0.004952571587637067
82,0.0006087032379582524
83,0.0035902607487514615
84,0.017299164785072207
85,0.01000625523738563
86,0.022240181337110698
87,0.017865533009171486
88,0.008620148291811347
89,-0.004511614912189543
90,0.008723714156076312
91,0.0009580837795510888
92,0.0010118013015016913
93,0.0020411169389262795
94,0.01867972395848483
95,0.013823465560562909
96,0.023611234966665506
97,0.02801526477560401
98,0.017776003922335804
99,0.0012128768721595407
100,0.006632297416217625
101,0.0032608291367068887
102,0.000871036434546113
103,0.0033639618195593357
104,0.014145863940939307
105,0.0073460874846205115
106,0.015681646997109056
107,0.020587448845617473
108,0.015239708474837244
109,0.0016080307541415095
110,0.008977999677881598
111,0.006577917607501149
112,0.0022306961473077536
113,0.008623836212791502
114,0.02281117287930101
115,0.015507989330217242
116,0.02480456593912095
117,0.0257911883527413
118,0.013116285670548677
119,-0.0014875222695991397
120,0.007839132915250957
121,0.0034894837299361825
122,0.00402602762915194
123,0.00895224092528224
124,0.021675253985449672
125,0.01339819678105414
126,0.01977124239783734
127,0.019303074455820024
128,0.012493689195252955
129,-0.0021091863745823503
130,0.009657638613134623
131,0.005792433046735823
132,0.008276099804788828
133,0.014658124186098576
134,0.02883435459807515
135,0.025422856328077614
136,0.035189259331673384
137,0.038596247555688024
138,0.03175232675857842
139,0.016139250830747187
140,0.03031257353723049
141,0.028849560534581542
142,0.0259255567798391
143,0.0269094844115898
144,0.040087811881676316
145,0.033240926335565746
146,0.0361630970146507
147,0.037128631374798715
148,0.027847594348713756
149,0.019070839625783265
150,0.034702016855590045
151,0.041524129221215844
152,0.03857711108867079
153,0.042465130565688014
154,0.058542369049973786
155,0.04873504757415503
156,0.05650757497642189
157,0.05889988923445344
158,0.05494584434200078
159,0.035387610900215805
160,0.04464705544523895
161,0.041205951711162925
162,0.03728304523974657
163,0.034830588032491505
164,0.048481399775482714
165,0.04064260423183441
166,0.05330726073589176
167,0.056192394462414086
168,0.04346119437832385
169,0.027337597915902734
170,0.03856205067131668
171,0.03464323817752302
172,0.036585499765351415
173,0.037548559717833996
174,0.050218192394822836
175,0.042375651421025395
176,0.05552441452164203
177,0.05742924881633371
178,0.05054935405496508
179,0.03246110153850168
180,0.035382359637878835
181,0.03732268000021577
182,0.035356715437956154
183,0.04071189952082932
184,0.05727800459135324
185,0.05283715995028615
186,0.06157600064761937
187,0.06834783754311502
188,0.059984267922118306
189,0.04285419767256826
190,0.051610396010801196
191,0.049130471772514284
192,0.046654873294755816
193,0.04906207206659019
194,0.0641489562112838
195,0.06213428592309356
196,0.06939219916239381
197,0.06834370631258935
198,0.06241849192883819
199,0.04772244347259402
200,0.06085972464643419
201,0.05982600396964699
202,0.05586693901568651
203,0.0567932907724753
204,0.06796270713675767
205,0.06008612900041044
206,0.06441963010001928
207,0.06581824994646013
208,0.05550594080705196
209,0.03545490279793739
210,0.043734569568187
211,0.040291124605573714
212,0.038805120275355875
213,0.04220016906037927
214,0.05729746422730386
215,0.04797548451460898
216,0.05232971266377717
217,0.05570043181069195
218,0.048820278723724186
219,0.03463455173186958
220,0.0419392503099516
221,0.04093750414904207
222,0.03944962448440492
223,0.047233427641913295
224,0.06036965944804251
225,0.05591995851136744
226,0.06269856449216604
227,0.061659474042244256
228,0.056231503491289914
229,0.03910473978612572
230,0.05079133086837828
231,0.05074874928686768
232,0.047779078129678965
233,0.050668775220401585
234,0.06623729784041643
235,0.06031277996953577
236,0.06269209494348615
237,0.06018861022312194
238,0.05037176248151809
239,0.027888228185474873
240,0.03325188299641013
241,0.033727485802955925
242,0.032738647889345884
243,0.0380935330176726
244,0.053195800515823066
245,0.0458301812177524
246,0.052137299440801144
247,0.0516032709274441
248,0.047167327837087214
249,0.028103760327212512
250,0.035417765378952026
251,0.026619757991284132
252,0.02320365363266319
253,0.02467205375432968
254,0.03930969163775444
255,0.030504594556987286
0,0.03781405254267156
1,0.04120769223663956
2,0.03239905193913728
3,0.01189765881281346
4,0.021679198020137846
5,0.02266207884531468
6,0.021691788570024073
7,0.02511381485965103
8,0.04365300002973527
9,0.03874251514207572
10,0.045061182347126305
11,0.04892932123038918
12,0.038155087386257946
13,0.017155125155113637
14,0.02497542870696634
15,0.026927636587060988
16,0.033266964135691524
17,0.03325296437833458
18,0.04104449844453484
19,0.027356839855201542
20,0.026865326217375696
21,0.021984014310874045
22,0.011257164063863456
23,-0.005304828519001603
24,-0.0003721123794093728
25,0.0016247601015493274
26,-0.00028469599783420563
27,-0.001702913548797369
28,0.008589731063693762
29,-0.0021133582340553403
30,0.0037893769331276417
31,0.001388216856867075
32,-0.006375005352310836
33,-0.023393536917865276
34,-0.020380064146593213
35,-0.02029899461194873
36,-0.02070588490460068
37,-0.018184934393502772
38,0.0004305383190512657
39,-0.0024523359024897218
40,0.005890407133847475
41,0.0103155467659235
42,0.00009738607332110405
43,-0.019859583117067814
44,-0.004168213345110416
45,-0.00021303992252796888
46,0.00032017810735851526
47,0.0076823149574920535
48,0.02478831901680678
49,0.015520142507739365
50,0.02139167219866067
51,0.016032248502597213
52,0.004828144912607968
53,-0.018552261753939092
54,-0.006766100646927953
55,-0.005245655192993581
56,-0.004703596117906272
57,0.003643068950623274
58,0.02612248808145523
59,0.017339707002975047
60,0.021744378260336816
61,0.026141193695366383
62,0.02272459981031716
63,0.0017515243962407112
64,0.011062234407290816
65,0.016453614574857056
66,0.01695692026987672
67,0.025264866766519845
68,0.0423392781522125
69,0.03499092732090503
70,0.03887606295756996
71,0.04080284805968404
72,0.02955426403786987
73,0.012471434543840587
74,0.020786990877240896
75,0.023721426143310964
76,0.022259985678829253
77,0.025679580285213888
78,0.038362166844308376
79,0.03541105170734227
80,0.035880053183063865
81,0.0368360128486529
82,0.025594028062187135
83,0.008517792564816773
84,0.010985766537487507
85,0.016376426676288247
86,0.01687901362311095
87,0.025674090487882495
88,0.04225907090585679
89,0.03637354914098978
90,0.038791828555986285
91,0.03827866760548204
92,0.026058015529997647
93,0.00605345971416682
94,0.013403877965174615
95,0.014887052588164806
96,0.013928332831710577
97,0.015410530962981284
98,0.03347689053043723
99,0.02760658774059266
100,0.030040073790587485
101,0.02954210585448891
102,0.020263718790374696
103,-0.0021701095392927527
104,0.00031612394377589226
105,0.005725028109736741
106,0.0067336909705773
107,0.013106875587254763
108,0.030689217732287943
109,0.026287151966243982
110,0.029698421945795417
111,0.03212789283134043
112,0.028210980934090912
113,0.003811381640844047
114,0.0067745629930868745
115,0.009732472128234804
116,0.006343096029013395
117,0.01027744123712182
118,0.03127944946754724
119,0.023948958609253168
120,0.021509921411052346
121,0.01712379092350602
122,0.0025006221840158105
123,-0.01599936676211655
124,-0.008610561140812933
125,-0.005625489400699735
126,-0.0070363369304686785
127,-0.004541887901723385
128,0.012583566131070256
129,0.012116080615669489
130,0.022382052266038954
131,0.026287742657586932
132,0.017502419534139335
133,-0.006878454354591668
134,0.0009819120168685913
135,0.00151060672942549
136,0.004965445725247264
137,0.008901990484446287
138,0.026491262950003147
139,0.022583969752304256
140,0.02453774947207421
141,0.027951563941314816
142,0.01769954094197601
143,-0.0037548011168837547
144,0.003124115406535566
145,0.009502965724095702
146,0.009528456488624215
147,0.015895905205979943
148,0.04030238289851695
149,0.03685815038625151
150,0.04073768830858171
151,0.04363457870204002
152,0.03579360956791788
153,0.012843232019804418
154,0.021643675747327507
155,0.02798922173678875
156,0.02749359025619924
157,0.03041372902225703
158,0.047476213541813195
159,0.04499442514497787
160,0.044468362582847476
161,0.046382401371374726
162,0.036096779513172805
163,0.013633173890411854
164,0.016577505972236395
165,0.024882907862775028
166,0.026343656820245087
167,0.030728856450878084
168,0.050717343227006495
169,0.053107746643945575
170,0.05695736419875175
171,0.06275144719984382
172,0.05633895378559828
173,0.03969295835122466
174,0.04015112097840756
175,0.040608406998217106
176,0.03911342634819448
177,0.0434752096189186
178,0.06392814894206822
179,0.06239153118804097
180,0.06085754302330315
181,0.06127757299691439
182,0.05437904654536396
183,0.02602738991845399
184,0.033338905428536236
185,0.03380751970689744
186,0.03329955379012972
187,0.03474382730200887
188,0.05472368898335844
189,0.05612978129647672
190,0.06046037352643907
191,0.060880400240421295
192,0.055933261988684535
193,0.034408001811243594
194,0.040728218271397054
195,0.038255892461165786
196,0.03188511496409774
197,0.03381900803651661
198,0.057702554389834404
199,0.0483699677279219
200,0.04002957046031952
201,0.04243656573817134
202,0.0477663055062294
203,0.041866011917591095
204,0.02329209237359464
205,-0.002566598472185433
206,-0.025940133491531014
207,-0.05073566874489188
208,-0.04719193885102868
209,-0.03926379815675318
210,-0.0337889107177034
211,-0.03125077567528933
212,-0.021887232433073223
213,-0.023272926569916308
214,-0.01831410510931164
215,-0.043122761184349656
216,-0.0678872998105362
217,-0.09309560735709965
218,-0.08215828856918961
219,-0.06977671768981963
220,-0.04766006884165108
221,-0.03436387097463012
222,-0.01279781840275973
223,-0.009808245464228094
224,-0.013165983255021274
225,-0.04383720236364752
226,-0.06323339929804206
227,-0.08357075194362551
228,-0.07264961814507842
229,-0.059308522497303784
230,-0.026477118954062462
231,-0.008827242068946362
232,0.017572565702721477
233,0.006849056575447321
234,-0.00044049054849892855
235,-0.026255301432684064
236,-0.04324297851417214
237,-0.07142091856803745
238,-0.055154585163109004
239,-0.03257502801716328
240,0.005575610790401697
241,0.02365675161127001
242,0.05390194011852145
243,0.05091970588546246
244,0.046479144133627415
245,0.024483880726620555
246,0.007893955917097628
247,-0.020374865969642997
248,-0.004199334303848445
249,0.018777349614538252
250,0.053909396403469145
251,0.07239216100424528
252,0.098159707384184
253,0.0911955595947802
254,0.08619502326473594
255,0.06315286969766021
0,0.04551785229705274
1,0.02596268488559872
2,0.046933546429499984
3,0.07664835487958044
4,0.11850647034589201
5,0.13394630805123597
6,0.1644817943451926
7,0.15544714976567775
8,0.1488675387809053
9,0.12620040588080883
10,0.10406116780359298
11,0.06781349598895758
12,0.0745606628479436
13,0.09739470202475786
14,0.13579916581511497
15,0.1502306944457814
16,0.17488116049207747
17,0.16436255688313395
18,0.14752035134006292
19,0.11802378052379936
20,0.09053078689612448
21,0.05186597188003361
22,0.0571760080056265
23,0.08101473306305707
24,0.11749503971077502
25,0.13000585639383644
26,0.1561539857648313
27,0.13981270208023489
28,0.1308179262559861
29,0.10134931665379554
30,0.08071412681601942
31,0.040113698109053075
32,0.04983359482139349
33,0.0800257520750165
34,0.11748188827186823
35,0.13145464949775487
36,0.15662288723979145
37,0.14271838462445885
38,0.12542341148946434
39,0.09108428389299661
40,0.0650993927847594
41,0.024037261842750013
42,0.031832758570089936
43,0.06303104676771909
44,0.10344294435344636
45,0.11451207066420466
46,0.14312387420795858
47,0.12338773987721652
48,0.1105163199827075
49,0.08303215191699564
50,0.06047512881923467
51,0.019907701411284506
52,0.02917272550985217
53,0.054032374173402786
54,0.0944589200662449
55,0.10603052959777415
56,0.13368039566557854
57,0.11737467488273978
58,0.10256126325111836
59,0.07704134553205222
60,0.05400585616007447
61,0.011985127348452806
62,0.022238680045120418
63,0.051012199837714434
64,0.08949150040280074
65,0.10302211111411452
66,0.13018826639745384
67,0.10754552891012281
68,0.09226053836755455
69,0.059927876689471304
70,0.03009176766499877
71,-0.010424060048535466
72,-0.005010260501876473
73,0.024298464762978256
74,0.060872825561091304
75,0.07055053359363228
76,0.10118839249480516
77,0.08737756253685802
78,0.07017618394456804
79,0.040321200038306415
80,0.019788265810348094
81,-0.019734297413378954
82,-0.013816830120049417
83,0.01745822513476014
84,0.05697113077621907
85,0.074460647883825
86,0.10655442054849118
87,0.09029413072858006
88,0.07503826473839581
89,0.04175900784321129
90,0.022686354350298643
91,-0.018305610748939216
92,-0.012391396565362811
93,0.020343952695839107
94,0.06033885944634676
95,0.07099180261138827
96,0.10162746941205114
97,0.08537521283142269
98,0.06427320302464068
99,0.033939455868676305
100,0.009025837993249297
101,-0.03438176598865539
102,-0.03283026581630111
103,-0.010304023628123105
104,0.019987799576483667
105,0.031199750257655978
106,0.060929952189326286
107,0.03840757953003049
108,0.01738867920357734
109,-0.01481342245824635
110,-0.04159199970308691
111,-0.08100700157228857
112,-0.06522511586081237
113,-0.02946939819958061
114,0.003783640917390585
115,0.013560947845689952
116,0.03746845247223973
117,0.022305643185973167
118,-0.002587230526842177
119,-0.03426576673518866
120,-0.06100952567066997
121,-0.10380467271897942
122,-0.09773891279473901
123,-0.06631569552700967
124,-0.026654758723452687
125,-0.007553798262961209
126,0.02761222852859646
127,0.0100282346829772
128,-0.01191518153063953
129,-0.045040110824629664
130,-0.06883704976644367
131,-0.11015413887798786
132,-0.10602786927483976
133,-0.07263790408615023
134,-0.02759876858908683
135,-0.007031938526779413
136,0.02520672674290836
137,0.015433219145052135
138,-0.004567757830955088
139,-0.0338023187359795
140,-0.0595699850236997
141,-0.10187862231396139
142,-0.10118139069527388
143,-0.061945279012434185
144,-0.01594887033570558
145,0.0031342777656391263
146,0.0343797265086323
147,0.022639056434854865
148,0.0036014833021909
149,-0.026622786885127425
150,-0.051914873882196844
151,-0.09374878869857639
152,-0.09208984230645001
153,-0.05677221424411982
154,-0.017126576974987984
155,0.00391048623714596
156,0.036618531798012555
157,0.028289248468354344
158,0.008266368298791349
159,-0.018550839158706367
160,-0.04580824892036617
161,-0.08618907316122204
162,-0.08503101929090917
163,-0.05265264224726707
164,-0.012526111793704331
165,0.00752744113560766
166,0.03827802208252251
167,0.0279947470407933
168,0.006997040240094066
169,-0.020793261006474495
170,-0.042680015321820974
171,-0.07867541932500899
172,-0.07996961020398885
173,-0.04906343657057732
174,-0.00991865317337215
175,0.00915489112958312
176,0.03941504890099168
177,0.029617914813570678
178,0.013008263311348855
179,-0.011865325854159892
180,-0.03864612174220383
181,-0.07318486622534692
182,-0.07400068710558116
183,-0.04310485068708658
184,-0.00592178525403142
185,0.012657060753554106
186,0.040959849720820785
187,0.03213590569794178
188,0.017961255041882396
189,-0.008872292819432914
190,-0.03712172445375472
191,-0.06922371906694025
192,-0.06858281791210175
193,-0.039647787692956626
194,-0.007836985168978572
195,0.009281920152716339
196,0.03320028097368777
197,0.03561082773376256
198,0.022893763263709843
199,-0.01029035507235676
200,-0.039024908328428864
201,-0.07551394042093307
202,-0.0855942964553833
203,-0.05028679419774562
204,-0.009187733405269682
205,0.021593569428659976
206,0.03866045142058283
207,0.04154938948340714
208,0.03955465683247894
209,0.012683177483268082
210,-0.017555542988702655
211,-0.036032202653586864
212,-0.049597523524425924
213,-0.03972199629060924
214,-0.006935105426236987
215,0.013109544292092323
216,0.01945885072927922
217,0.0018923215102404356
218,0.003383035771548748
219,0.004871097160503268
220,-0.007303222781047225
221,-0.011162506067194045
222,0.00205974536947906
223,0.006477260263636708
224,-0.005212048534303904
225,0.009463174967095256
226,0.017282460816204548
227,-0.002719476236961782
228,0.003170027513988316
229,0.01295184949412942
230,0.015398568590171635
231,0.01247459661681205
232,0.02809400367550552
233,0.02856235858052969
234,0.023663513362407684
235,0.024139652610756457
236,0.012906566262245178
237,-0.012942022178322077
238,-0.010937383049167693
239,-0.0016185719287022948
240,-0.0020732565317302942
241,-0.0010635873768478632
242,0.019458193390164524
243,0.022380993061233312
244,0.022371482336893678
245,0.027728276327252388
246,0.024782106513157487
247,-0.0010877070599235594
248,0.0004078787169419229
249,0.0028765033348463476
250,-0.0024648207472637296
251,-0.0014546388993039727
252,0.017604111752007157
253,0.016627244069240987
254,0.01809132267953828
255,0.02247985842404887
0,0.01661576732294634
1,-0.007776145066600293
2,-0.006756662507541478
3,0.005481514905113727
4,0.005013916874304414
5,0.007962074596434832
6,0.027491801942232996
7,0.02796075469814241
8,0.027940982661675662
9,0.033775372663512826
10,0.026427465490996838
11,0.0034814411774277687
12,0.006919922190718353
13,0.02059708599699661
14,0.02205374336335808
15,0.025947017245925963
16,0.04642015480203554
17,0.047342964506242424
18,0.04192204278660938
19,0.04577978380257264
20,0.03645871841581538
21,0.01056732825236395
22,0.009114271844737232
23,0.01644503732677549
24,0.013517961429897696
25,0.018401622597593814
26,0.03937555325683206
27,0.04128612583735958
28,0.03977830772055313
29,0.04656651266850531
30,0.04163424961734563
31,0.01670892786933109
32,0.015732367290183902
33,0.022075229382608086
34,0.016698452760465443
35,0.018648910045158118
36,0.039621929929126054
37,0.03518957446794957
38,0.031252881104592234
39,0.03561653691576794
40,0.028264046704862267
41,0.002386359090451151
42,-0.0014922440168447793
43,0.00975931651191786
44,0.00196482875617221
45,0.006380366452503949
46,0.02542348124552518
47,0.029309468809515238
48,0.021480168506968766
49,0.02049460174748674
50,0.013656581693794578
51,-0.00926828820956871
52,-0.01556562160840258
53,-0.016485425585415214
54,-0.0320389976259321
55,-0.03780795109923929
56,-0.029419022146612406
57,-0.04202238726429641
58,-0.05167622247245163
59,-0.047653103014454246
60,-0.0475398323033005
61,-0.05913502897601575
62,-0.07412447733804584
63,-0.08664795581717044
64,-0.1108574026147835
65,-0.10575283475918695
66,-0.10358424868900329
67,-0.10044365434441715
68,-0.09145430679200217
69,-0.07760230026906356
70,-0.07987373607465997
71,-0.08458025043364614
72,-0.08635118906386197
73,-0.09397301758872345
74,-0.10938672570046037
75,-0.11550378886749968
76,-0.11624348530313
77,-0.11356675141723827
78,-0.09674701158655807
79,-0.08044483099365607
80,-0.07490411552134901
81,-0.07230020494898781
82,-0.0740914317429997
83,-0.09246617829194292
84,-0.10983245802344754
85,-0.11448369245044887
86,-0.12351711525116116
87,-0.11643533397000283
88,-0.08692495455034077
89,-0.05746683577308431
90,-0.04952622385462746
91,-0.04111178551102057
92,-0.04637195443501696
93,-0.07162446057191119
94,-0.09244138794019818
95,-0.096146542171482
96,-0.09447864285903051
97,-0.07573889062041417
98,-0.042884712922386825
99,-0.011064497695770115
100,0.003136723709758371
101,0.010970706469379365
102,0.004155335016548634
103,-0.017283368855714798
104,-0.04209891252685338
105,-0.04784427274717018
106,-0.047237337683327496
107,-0.027605350478552282
108,0.002724468882661313
109,0.02665841276757419
110,0.03689008631044999
111,0.04710353445261717
112,0.04071195621509105
113,0.010427131433971226
114,-0.010046985582448542
115,-0.01292222092160955
116,-0.01628017850453034
117,-0.0006060927407816052
118,0.030651285778731108
119,0.05355970741948113
120,0.05984055169392377
121,0.0661101492587477
122,0.057733083434868604
123,0.03717461082851514
124,0.009822716878261417
125,0.000569732568692416
126,-0.013545299065299332
127,-0.001779325888492167
128,0.028016118798404932
129,0.050928749435115606
130,0.05428671365370974
131,0.06251710577635095
132,0.050731035007629544
133,0.026769621879793704
134,0.0013871690025553107
135,-0.007363400422036648
136,-0.01414703082991764
137,-0.0014046912547200918
138,0.02253551984904334
139,0.04936027288204059
140,0.050281397940125316
141,0.061445606814231724
142,0.051612450333777815
143,0.026673397049307823
144,0.00129073514835909
145,-0.006972195056732744
146,-0.016196138167288154
147,-0.003450537275057286
148,0.022932170191779733
149,0.04731660691322759
150,0.049704531964380294
151,0.05745446198852733
152,0.04177385719958693
153,0.014900534355547279
154,-0.008510163519531488
155,-0.020658786525018513
156,-0.028883025632239878
157,-0.015139475814066827
158,0.01614220772171393
159,0.042001999681815505
160,0.04683836398180574
161,0.05508099985308945
162,0.04525855352403596
163,0.019354506221134216
164,-0.009918510273564607
165,-0.01621069893008098
166,-0.026394470420200378
167,-0.011679892078973353
168,0.017156157351564616
169,0.04301389382453635
170,0.045408966834656894
171,0.05462958145653829
172,0.04431983514223248
173,0.018905049830209464
174,-0.005488944298122078
175,-0.010813561559189111
176,-0.01905579282902181
177,-0.008745151630137116
178,0.012767690001055598
179,0.039120789675507694
180,0.04444959032116458
181,0.05220809701131657
182,0.04190238518640399
183,0.01502808858640492
184,-0.011798514693509787
185,-0.017600021266844124
186,-0.02680613222764805
187,-0.013554866425693035
188,0.0108933862647973
189,0.03578605968505144
190,0.03916918492177501
191,0.04791256453609094
192,0.03615074616391212
193,0.013189260440412909
194,-0.011682866665069014
195,-0.01894830056698993
196,-0.027176499541383237
197,-0.016363990493118763
198,0.01101616327650845
199,0.0363962939591147
200,0.04319309536367655
201,0.047538522514514625
202,0.03772857948206365
203,0.01232487295055762
204,-0.01644868025323376
205,-0.02419367228867486
206,-0.028509941417723894
207,-0.017695227172225714
208,0.011150672973599285
209,0.03799394721863791
210,0.046739139303099364
211,0.05351733963470906
212,0.048575078370049596
213,0.02412761317100376
214,0.00021136552095413208
215,-0.008051295299082994
216,-0.01434788212645799
217,-0.003070753824431449
218,0.02867595391580835
219,0.05109714379068464
220,0.05640377791132778
221,0.066579376347363
222,0.06112567969830707
223,0.037143362453207374
224,0.009788635652512312
225,-0.0004428713582456112
226,-0.00870482058962807
227,0.0040253588813357055
228,0.03185620345175266
229,0.057198344147764146
230,0.0615179521846585
231,0.07022042159223929
232,0.06134481565095484
233,0.03736159740947187
234,0.009030275861732662
235,-0.0016882431809790432
236,-0.009460642759222537
237,0.0032703711767680943
238,0.03500482998788357
239,0.0642436490743421
240,0.07098946283804253
241,0.07674749178113416
242,0.06883544364245608
243,0.04483836540021002
244,0.016981044318526983
245,0.008687061781529337
246,-0.0005679032183252275
247,0.01165885868249461
248,0.03654792933957651
249,0.0638319879071787
250,0.06765081745106727
251,0.0739019974716939
252,0.06257944874232635
253,0.03664147830568254
254,0.006846723961643875
255,-0.0019176931818947196
0,-0.00969085015822202
1,0.0035272553795948625
2,0.028918074734974653
3,0.05523946043103933
4,0.06200012081535533
5,0.07216361188329756
6,0.06230719288578257
7,0.03978413931326941
8,0.011934690875932574
9,0.006087812944315374
10,-0.003651473787613213
11,0.003213355492334813
12,0.02860419830540195
13,0.05687699792906642
14,0.06265851948410273
15,0.07282030442729592
16,0.05759585782652721
17,0.02142090699635446
18,-0.013226303970441222
19,-0.025858834676910192
20,-0.03798104735324159
21,-0.021786516823340207
22,0.00608763488708064
23,0.036839369975496083
24,0.040216981316916645
25,0.040661446400918067
26,0.029396716447081417
27,0.002540819172281772
28,-0.029145873384550214
29,-0.03979881230043247
30,-0.04555429774336517
31,-0.030809894087724388
32,-0.003895432164426893
33,0.021507704514078796
34,0.024912561872042716
35,0.02977487677708268
36,0.022920169751159847
37,0.004369255737401545
38,-0.02097859251080081
39,-0.02871888835215941
40,-0.033030462509486824
41,-0.020259663928300142
42,0.004684680374339223
43,0.028121184092015028
44,0.03151427995180711
45,0.035876996465958655
46,0.02559648302849382
47,0.0006987557280808687
48,-0.022691222198773175
49,-0.03286774945445359
50,-0.042538308014627546
51,-0.033165573491714895
52,-0.009661849064286798
53,0.01623939606361091
54,0.023556418425869197
55,0.02744547853944823
56,0.021082791325170547
57,0.003998721542302519
58,-0.01890919147990644
59,-0.02518958249129355
60,-0.029995239980053157
61,-0.01820549974218011
62,0.005271677277050912
63,0.02675577037734911
64,0.02819992433069274
65,0.03110501228366047
66,0.016442380438093096
67,0.00034221436362713575
68,-0.020119993307162076
69,-0.029325343028176576
70,-0.03607506398111582
71,-0.026225925772450864
72,-0.0017588071059435606
73,0.018762090825475752
74,0.0221718578832224
75,0.0294783161371015
76,0.019209242367651314
77,0.0016406580107286572
78,-0.021263057773467153
79,-0.027051408076658845
80,-0.02990235248580575
81,-0.02006415097275749
82,-0.0009742822730913758
83,0.018081692571286112
84,0.01856559602310881
85,0.024902781762648374
86,0.020008181978482753
87,0.005365289805922657
88,-0.011690849030856043
89,-0.013593410432804376
90,-0.019883200526237488
91,-0.004208650556392968
92,0.013389465282671154
93,0.030956312955822796
94,0.036783579154871404
95,0.039185507281217724
96,0.028411224600858986
97,0.010338313993997872
98,-0.012580999115016311
99,-0.01838493242394179
100,-0.025154226750601083
101,-0.018739577441010624
102,0.0003477486316114664
103,0.016961945162620395
104,0.018423340981826186
105,0.024272740760352463
106,0.018403374531771988
107,0.0018117543077096343
108,-0.014262561686336994
109,-0.01762427727226168
110,-0.02000430104089901
111,-0.01018387801013887
112,0.007912532950285822
113,0.027928190247621387
114,0.03083359927404672
115,0.03227025817614049
116,0.0239473637775518
117,0.010272886080201715
118,-0.006304413022007793
119,-0.0057776031899265945
120,-0.009642347984481603
121,-0.00032833078876137733
122,0.010432691895402968
123,0.025077371625229716
124,0.02798766747582704
125,0.03333198942709714
126,0.025982732826378196
127,0.018158636754378676
128,0.0025428429944440722
129,0.00012665666872635484
130,-0.005212325311731547
131,0.002630065137054771
132,0.018751935218460858
133,0.03435730276396498
134,0.0377387183252722
135,0.04013837524689734
136,0.03228890895843506
137,0.020062700903508812
138,0.008833864645566791
139,0.005430513119790703
140,0.0010575010091997683
141,0.007912745524663478
142,0.017195043619722128
143,0.03036361385602504
144,0.028873327129986137
145,0.02348286029882729
146,0.01956547045847401
147,0.010288681893143803
148,-0.005313669738825411
149,-0.005765035224612802
150,-0.0071912851999513805
151,-0.0003215829492546618
152,0.010926550312433392
153,0.022154694597702473
154,0.024581611098255962
155,0.024564941879361868
156,0.017718397604767233
157,0.010396134050097317
158,-0.00032807764364406466
159,-0.0007884481456130743
160,-0.005638628324959427
161,-0.0021867789910174906
162,0.00857665849616751
163,0.020296666072681546
164,0.019799642672296613
165,0.018327775527723134
166,0.011492169520352036
167,0.00027805427089333534
168,-0.012379692576359957
169,-0.014282298739999533
170,-0.010327333176974207
171,-0.0054036787478253245
172,0.007804650871548802
173,0.01855027786223218
174,0.017080606834497303
175,0.015125670528504997
176,0.01024709636112675
177,0.001962235022801906
178,-0.013625632389448583
179,-0.014550374122336507
180,-0.011082822573371232
181,-0.006157867901492864
182,0.007539608224760741
183,0.02267629437847063
184,0.02851696457946673
185,0.02849304844858125
186,0.02993267250712961
187,0.026491217373404652
188,0.023543678398709744
189,0.03670030564535409
190,0.04544288624310866
191,0.06295112823136151
192,0.0765254030120559
193,0.08470913174096495
194,0.08312124432995915
195,0.08592667320044711
196,0.08238496660487726
197,0.0734830952133052
198,0.06508476112503558
199,0.06157971185166389
200,0.0517387700965628
201,0.04874508595094085
202,0.049659420910757035
203,0.046181425685063004
204,0.025147020583972335
205,0.0012228383566252887
206,-0.021683171682525426
207,-0.05089049454545602
208,-0.08833928598323837
209,-0.11986727407202125
210,-0.1640231294441037
211,-0.20907601912040263
212,-0.24087669921573251
213,-0.2555458697024733
214,-0.26970074279233813
215,-0.2877328373142518
216,-0.2949998133117333
217,-0.29981418256647885
218,-0.3187671091291122
219,-0.33573448966490105
220,-0.35608614585362375
221,-0.3846945124678314
222,-0.41617856023367494
223,-0.44809389609145
224,-0.481415398651734
225,-0.5215068418765441
226,-0.5610384285100736
227,-0.6019624801701866
228,-0.6550091065582819
229,-0.6952764731831849
230,-0.7183965786825866
231,-0.7331810893956572
232,-0.7498895807657391
233,-0.7504682506551035
234,-0.7578745731734671
235,-0.7642908525886014
236,-0.7624011234147474
237,-0.7605135448975489
238,-0.7596038113697432
239,-0.7577187980059534
240,-0.7568116292823106
241,-0.7559048757539131
242,-0.7545106903999113
243,-0.7531177881755866
244,-0.7512383217108436
245,-0.7503367005847394
246,-0.7489476473419927
247,-0.7465841817902401
248,-0.7456872760085389
249,-0.7374730709125288
250,-0.7239059623098001
251,-0.7118253419757821
252,-0.6963501138961874
253,-0.6774863302707672
254,-0.6645091405371204
255,-0.6456997724017128
0,-0.6337526470888406
1,-0.6349976178025827
2,-0.6738036374445073
3,-0.7057098239311017
4,-0.7297526822658256
5,-0.7293593195499852
6,-0.7275019602966495
7,-0.7266224444610998
8,-0.72525549470447
9,-0.7238898263312876
10,-0.7220375910401344
11,-0.7211631992831826
12,-0.7198013726738282
13,-0.6862428876338527
14,-0.47419069363968447
15,-0.20494825078640133
16,0.08528175001265481
17,0.27937816898338497
18,0.4355652520316653
19,0.6544066620408557
20,0.8182195422705263
21,0.8622176142525859
22,0.8578392929048277
23,0.8963979763793759
24,0.8953711266512983
25,0.8958082282915711
26,0.8942917481181212
27,0.8922887000953779
28,0.8897999511682428
29,0.8897534531424753
30,0.8843393087154254
31,0.8633222579373978
32,0.8184366294881329
33,0.7687509299139492
34,0.7147616080474108
35,0.6803809212869965
36,0.654353613499552
37,0.6322742657503113
38,0.6019397137570195
39,0.5799514804966748
40,0.556049982260447
41,0.5190181599464267
42,0.48009987984551117
43,0.4427134860306978
44,0.3956358236609958
45,0.3525439061340876
46,0.32611476193415
47,0.3358327492023818
48,0.352362816745881
49,0.3239810010418296
50,0.33126193995121866
51,0.37316660495707765
52,0.38962820201413706
53,0.41288982081459835
54,0.44684213103028014
55,0.46707371866796166
56,0.47409676131792367
57,0.4757402619579807
58,0.5471422948176041
59,0.6203680741600692
60,0.6919993132469244
61,0.7347192661254667
62,0.76711740688188
63,0.7687224137480371
64,0.7503216058830731
65,0.7153654670109972
66,0.6853487406624481
67,0.665629027353134
68,0.6600908553809859
69,0.6584642544039525
70,0.7095270386198536
71,0.7692792925518006
72,0.8167280474444851
73,0.8436016655177809
74,0.8416432280209847
75,0.8396869382122532
76,0.8391963377944194
77,0.8367538924212568
78,0.8435835654381663
79,0.8347886567935348
80,0.8347893016180024
81,0.8264952173922211
82,0.8089454504079185
83,0.8309412189410068
84,0.8285042414208874
85,0.8211918059969321
86,0.7890108309802599
87,0.7778631942346692
88,0.7647827315959148
89,0.7556270665954798
90,0.763561128929723
91,0.7548930801567622
92,0.7394093633629382
93,0.7322453794186004
94,0.7319228245178238
95,0.7398930947529152
96,0.7229678181465715
97,0.6894846337963827
98,0.6463028605212457
99,0.6027088908595033
100,0.565533391374629
101,0.5269594632554799
102,0.4943073643371463
103,0.46463954559294507
104,0.44185353617649525
105,0.42008298181463033
106,0.39395979087566957
107,0.3664188180700876
108,0.35063450929010287
109,0.3324384344741702
110,0.32256755157141015
111,0.30393242923310027
112,0.28630560979945585
113,0.26285546482540667
114,0.24237362731946632
115,0.2287576396483928
116,0.2249224183615297
117,0.230850602441933
118,0.2509154756553471
119,0.2767984963138588
120,0.32653965352801606
121,0.3839975369628519
122,0.5067243673838675
123,0.7063124029664323
124,0.7943156944238581
125,0.7928853697958402
126,0.7865778563427739
127,0.7890615558135323
128,0.7851975801750086
129,0.7906083284760825
130,0.7847877264721319
131,0.7872696279664524
132,0.7858430982450955
133,0.7805150792119093
134,0.7747074396465905
135,0.7806172296986915
136,0.7831003600149415
137,0.7758208927698433
138,0.7773343812441453
139,0.7681113074650057
140,0.7745145187946036
141,0.7721238805097528
142,0.7663213342311792
143,0.7756511545157991
144,0.7693520613247529
145,0.7635507847298868
146,0.7606856875354424
147,0.7646543417940848
148,0.7632484178757295
149,0.7623316319077276
150,0.7575124888680875
151,0.759042723919265
152,0.7547148717567325
153,0.7577112254220992
154,0.7543590429704636
155,0.7505237730802037
156,0.7442548893741332
157,0.7389716559555382
158,0.7497956050792709
159,0.7425487911095843
160,0.7436070797266439
161,0.7436866192147136
162,0.7437648423365317
163,0.7350604954408482
164,0.7332003081100993
165,0.7318301129271276
166,0.7319247367559001
167,0.7354329693480395
168,0.7316160972695798
169,0.7273169987020083
170,0.730829945532605
171,0.7226271586259827
172,0.7285853737266734
173,0.7223356695030816
174,0.7243893293780275
175,0.7254625032073818
176,0.7236055398243479
177,0.7188236448564567
178,0.7145369524951093
179,0.7170866082888097
180,0.7137764332001098
181,0.711934550490696
182,0.7091191182262264
183,0.714113125577569
184,0.7137308141682297
185,0.7079817307530902
186,0.7119986879406497
187,0.6999084179406054
188,0.7078402595361695
189,0.7069756431737915
190,0.7041600544471294
191,0.7057389804976992
192,0.7034112077089958
193,0.698647218523547
194,0.6924270418239757
195,0.6979251569719054
196,0.6902405227301642
197,0.6957403269479983
198,0.6953750956454314
199,0.6896430911147036
200,0.6917257353197783
201,0.6899008085601963
202,0.6880780316423625
203,0.6843060140381567
204,0.6805396124836989
205,0.690926402923651
206,0.6783648232230917
207,0.6746057322015986
208,0.675242877798155
209,0.6773413678165525
210,0.6721173483529128
211,0.681049121893011
212,0.6738649905892089
213,0.6735224164440297
214,0.6697644535452127
215,0.6694270378211513
216,0.667625620844774
217,0.6663141950848512
218,0.6596377219539136
219,0.6622411648277193
220,0.6604483105475083
221,0.6571940536960028
222,0.658335164480377
223,0.6624002944445238
224,0.6586515987874009
225,0.653444976080209
226,0.6536128885345533
227,0.6518280800664797
228,0.6495575631852262
229,0.6526563747320324
230,0.6455038539133966
231,0.6437293362105265
232,0.6443961901823059
233,0.6431094516301528
234,0.6335305728716776
235,0.6107958169886842
236,0.5744407310849056
237,0.5342465082649142
238,0.49558635137509555
239,0.45113988470984623
240,0.41262579371687025
241,0.37125234986888245
242,0.3226340675028041
243,0.2799557712278329
244,0.23588926816591993
245,0.1904370928532444
246,0.1460410154541023
247,0.10465062106959522
248,0.05845507694175467
249,0.020147025177720934
250,-0.01858088735025376
251,-0.05187368323095143
252,-0.07974096020916477
253,-0.11048571619903669
254,-0.1392243179725483
255,-0.17425369075499475
0,-0.19995148736052215
1,-0.22950612026033923
2,-0.2526658958522603
3,-0.2748084553168155
4,-0.29447202710434794
5,-0.31653945735888556
6,-0.34198213822674006
7,-0.3634763228474185
8,-0.38200468360446393
9,-0.3975724565680139
10,-0.42140536883380264
11,-0.4422682124422863
12,-0.46358116168994457
13,-0.4863190784235485
14,-0.5114550918806344
15,-0.5370335141196847
16,-0.5630535189411603
17,-0.581220872933045
18,-0.6008185937535018
19,-0.6189170255092904
20,-0.6408851248561405
21,-0.6593982727499679
22,-0.6793410500395112
23,-0.700710887031164
24,-0.7176510450080968
25,-0.7374870761996135
26,-0.7489933130564168
27,-0.7653564121574163
28,-0.7792500103241764
29,-0.7979961838573217
30,-0.8157321163453162
31,-0.8339231161517091
32,-0.8520804989384487
33,-0.866301515197847
34,-0.8829351500608027
35,-0.9005135509069078
36,-0.9131808415986598
37,-0.9263120454852469
38,-0.9428334031254053
39,-0.9539576131501235
40,-0.9518886798177846
41,-0.9503097634878941
42,-0.9487321492633782
43,-0.9476436846889555
44,-0.9460678080213256
45,-0.9440053870202973
46,-0.9424329838948324
47,-0.9413497313507833
48,-0.9397790672373958
49,-0.9382097072084434
50,-0.9366416512639262
51,-0.9345870519173332
52,-0.9335103193297982
53,-0.9319461759878322
54,-0.9298954897094518
55,-0.928822670772206
56,-0.9267745937686414
57,-0.9252165366197005
58,-0.923659784020856
59,-0.9225921838078648
60,-0.9210371737135574
61,-0.9189956221962348
62,-0.9174440907663666
63,-0.9158938649925403
64,-0.9148327920702286
65,-0.9132843100233003
66,-0.9112492870772257
67,-0.9097042850917205
68,-0.9086484365980141
69,-0.907105179678183
70,-0.9055632298695855
71,-0.9040225867647678
72,-0.9024832509458065
73,-0.9004573748679832
74,-0.8994093681685627
75,-0.8968982588266954
76,-0.8958537334110588
77,-0.8948096474632621
78,-0.8927903058938682
79,-0.8917488349834457
80,-0.8897321086842567
81,-0.8886932529276237
82,-0.8871669900836423
83,-0.8851541873300448
84,-0.8836314079817384
85,-0.8821099362103269
86,-0.8810776198515669
87,-0.8790700490353629
88,-0.8775525015080348
89,-0.8765241096261889
90,-0.8750083108898252
91,-0.8730059739900753
92,-0.8710058125434443
93,-0.8699835217557847
94,-0.8679859766270965
95,-0.8674541488289833
96,-0.8654583527240902
97,-0.8644404276274145
98,-0.8624472494702786
99,-0.8614319422049448
100,-0.8594413819955662
101,-0.8579408454243094
102,-0.8564416178269312
103,-0.8554315463406965
104,-0.8539340695133433
105,-0.8524379020091146
106,-0.8509430445265025
107,-0.8494494967162609
108,-0.8479572585783899
109,-0.8464663302293047
110,-0.8449767117854208
111,-0.843488403246738
112,-0.8415135567774996
113,-0.8405165825970471
114,-0.8390322028426453
115,-0.8370612855069339
116,-0.8355803927406669
117,-0.8345886567840353
118,-0.8331095153698698
119,-0.8316316842101514
120,-0.830155162839219
121,-0.8281921041198075
122,-0.8272069173399359
123,-0.8257343252189457
124,-0.8242630434688181
125,-0.8218173760687932
126,-0.8213261435739696
127,-0.8198587900260463
128,-0.8183927463833243
129,-0.8169280134607106
130,-0.8149767420254648
131,-0.8140033433446661
132,-0.8125425390899181
133,-0.8105951970210299
134,-0.8091378796380013
135,-0.8081697191810235
136,-0.8062263053143397
137,-0.8042850685305893
138,-0.8038095501251519
139,-0.8013822162756696
140,-0.8009093159344047
141,-0.7994602950057015
142,-0.7980125836329535
143,-0.7960783344460651
144,-0.7951219568494707
145,-0.7936781732132658
146,-0.7922356998315081
147,-0.7907945355400443
148,-0.7893546804552898
149,-0.7874282876728103
150,-0.7864797657821327
151,-0.7845559907145798
152,-0.783122239401564
153,-0.7816897961311042
154,-0.7807465092046186
155,-0.7793158157728612
156,-0.7769107362255454
157,-0.7764600897207856
158,-0.7745454739779234
159,-0.7736087290104479
160,-0.7721845774212852
161,-0.770273887203075
162,-0.7693410674110055
163,-0.767432993161492
164,-0.7665027894545346
165,-0.7650851790094748
166,-0.7631810287712142
167,-0.7617669014725834
168,-0.7603540817508474
169,-0.7594304161611944
170,-0.7575314957648516
171,-0.7561225979588926
172,-0.7552028545178473
173,-0.7537957035237923
174,-0.7519020120962523
175,-0.7500104953651316
176,-0.7495846946840174
177,-0.747694922843948
178,-0.7467830204986967
179,-0.7453837097273208
180,-0.7439857057179324
181,-0.742101161100436
182,-0.7407066375599243
183,-0.7393134197336622
184,-0.737921507563442
185,-0.735555205901619
186,-0.7356311812181957
187,-0.7337544692563824
188,-0.7328556252177805
189,-0.7309815241023898
190,-0.7295974432490766
191,-0.728702514723409
192,-0.7273201763164252
193,-0.7259391430998221
194,-0.7240715674706735
195,-0.7231818590080366
196,-0.7213168925372884
197,-0.7204297928255983
198,-0.7185674348147586
199,-0.7176829434465617
200,-0.7158231933717616
201,-0.7139656144427136
202,-0.713573748304043
203,-0.7117179080378264
204,-0.7108399334247224
205,-0.7089866994647309
206,-0.7076234833803028
207,-0.7062615698669106
208,-0.7053888061200269
209,-0.7040286299306899
210,-0.7021819088840857
211,-0.6998495099251159
212,-0.699959384277463
213,-0.6986044148216024
214,-0.6967628999846056
215,-0.6958992491126992
216,-0.694548184517771
217,-0.6931984215625562
218,-0.6913621123530902
219,-0.6905036665848456
220,-0.6886699585593306
221,-0.68732626613928
222,-0.6864717210410163
223,-0.6851297609973699
224,-0.6828134061652236
225,-0.6824514756444842
226,-0.6811134142335504
227,-0.6797766525414772
228,-0.6784411904518493
229,-0.6771070273825899
230,-0.6757741634501144
231,-0.6734669033903629
232,-0.6726262184092775
233,-0.671785963641014
234,-0.6699704442289658
235,-0.6691327847656794
236,-0.6673198603675701
237,-0.665996948198881
238,-0.6646753326640464
239,-0.6633550134138204
240,-0.6625238382257521
241,-0.6607173965894617
242,-0.6594009663676843
243,-0.6580858315574005
244,-0.6572598395287059
245,-0.6554585808189586
246,-0.6536594844073988
247,-0.653326092637144
248,-0.6515287176007405
249,-0.6502213523490354
250,-0.649403128423728
251,-0.6480974838486873
252,-0.6463052858016454
253,-0.6454909439198673
254,-0.6437013330869377
255,-0.642401730234269
0,-0.6411034199991263
1,-0.6398064020322636
2,-0.638998523587361
3,-0.6377032225136645
4,-0.6359213662217371
5,-0.6346295164548792
6,-0.6338268054532818
7,-0.6325366706587374
8,-0.6312478270265274
9,-0.6299602747312747
10,-0.6286740130162798
11,-0.6269011942786165
12,-0.626106227922719
13,-0.624335988832172
14,-0.6230557540548034
15,-0.6217768078204244
16,-0.6204991502454504
17,-0.6197106282343157
18,-0.6179468321497552
19,-0.6166730389813893
20,-0.6158883807365783
21,-0.6146162949153222
22,-0.6128576493356377
23,-0.612076853052713
24,-0.610808628553059
25,-0.6090538431890309
26,-0.6077890588203445
27,-0.6065255597932264
28,-0.6052633459330536
29,-0.6044902644935064
30,-0.603229753091
31,-0.6014826790778898
32,-0.6007134519168176
33,-0.5989689463167451
34,-0.5982022869866341
35,-0.5964603485772386
36,-0.5947205608244985
37,-0.5939586174790747
38,-0.5931970887468196
39,-0.59194812719943
40,-0.590700448025018
41,-0.5889662032714114
42,-0.5882098024594598
43,-0.5864781201235019
44,-0.5857242810889147
45,-0.5844830074929632
46,-0.5827551667462103
47,-0.5815173207665794
48,-0.5807686015032232
49,-0.5795324463979341
50,-0.5782975705806166
51,-0.5765761259244755
52,-0.575832522183191
53,-0.574113633541856
54,-0.5728847376303747
55,-0.5721449659322388
56,-0.5709177564713173
57,-0.5696918235626072
58,-0.5679793201270513
59,-0.5672446546377614
60,-0.5660225501051173
61,-0.5643138735322282
62,-0.5630951866623946
63,-0.561877774191089
64,-0.5596859403303824
65,-0.5599363516666926
66,-0.5582340435939841
67,-0.5570217235363089
68,-0.556298523384612
69,-0.5550878810463473
70,-0.5533906635828316
71,-0.5526712803402916
72,-0.551464453805238
73,-0.5497710509225726
74,-0.5490554815041833
75,-0.5468767723650672
76,-0.5466524579096586
77,-0.5444762877305038
78,-0.54327881638892
79,-0.5430583078996278
80,-0.5418616379029118
81,-0.5401783888228238
82,-0.5394729703548364
83,-0.538280104228761
84,-0.537088505749125
85,-0.5354103267891333
86,-0.5342221293249168
87,-0.5335230449563824
88,-0.5323365114745684
89,-0.5311512434273027
90,-0.5299672408145852
91,-0.5287845032289624
92,-0.5271151824272238
93,-0.5264236880466342
94,-0.5247568946797401
95,-0.5235800790833309
96,-0.522404525836464
97,-0.5217180820764042
98,-0.520544185070321
99,-0.5188837025780231
100,-0.517713196168188
101,-0.5165439497795887
102,-0.5153759636450559
103,-0.5142092368914746
104,-0.5135316168889403
105,-0.5118786935927346
106,-0.5107157438178547
107,-0.5100418997462839
108,-0.5083927511004731
109,-0.5072335749282502
110,-0.5060756555758417
111,-0.5049189925193787
112,-0.5042514328961261
113,-0.5026085670106113
114,-0.5014556712121703
115,-0.5003040304873139
116,-0.4996414913912304
117,-0.4980036444030702
118,-0.4973436134750955
119,-0.49522042635362595
120,-0.4945637690834701
121,-0.4939074963913299
122,-0.49276376119814813
123,-0.49162127799354494
124,-0.49048004660289735
125,-0.4888522192486562
126,-0.48820220481138676
127,-0.4870647255447693
128,-0.48592849634587765
129,-0.4847935169818811
130,-0.48317193920956925
131,-0.482528172491584
132,-0.4813969386741519
133,-0.4792912579723634
134,-0.479139948845841
135,-0.47752460872288793
136,-0.47639922972302884
137,-0.47478724870597944
138,-0.47464092256268486
139,-0.4730305632110685
140,-0.4723980112466961
141,-0.47079014079645276
142,-0.4696722289081663
143,-0.46904340747278184
144,-0.46743926644558087
145,-0.46632508252514526
146,-0.4656999877188355
147,-0.46458741946844384
148,-0.46347609267104417
149,-0.4623660068027675
150,-0.4607693137950264
151,-0.45868688030168414
152,-0.4590466573718004
153,-0.45696583250537515
154,-0.45683937054127455
155,-0.45476102107204497
156,-0.4546370338066481
157,-0.45304900530027226
158,-0.44560890999855474
159,-0.4328149979119189
160,-0.41028616670519114
161,-0.3882845367770642
162,-0.3658335109357722
163,-0.34293392300605774
164,-0.3195866054738872
165,-0.29725593293551356
166,-0.2725252025993541
167,-0.25320427591213956
168,-0.23489295004401356
169,-0.21173529047518969
170,-0.1895941094844602
171,-0.16700409463373944
172,-0.14884455408900976
173,-0.12681424134643748
174,-0.11165271059144288
175,-0.09163944813190028
176,-0.07117372832726687
177,-0.05269562458852306
178,-0.04205580783309415
179,-0.02899557852651924
180,-0.0164463403634727
181,-0.002455815556459129
182,0.016388347663450986
183,0.031784092949237674
184,0.04178612842224538
185,0.052746033761650324
186,0.07002841401845217
187,0.08435291232308373
188,0.09913969051558524
189,0.1148757524206303
190,0.13155938743148
191,0.1447982586105354
192,0.15606200421461836
193,0.16828119877027348
194,0.17706349852960557
195,0.18875701032811776
196,0.1950631377985701
197,0.20086991286370903
198,0.21203238319139928
199,0.21975976589601487
200,0.23137586138909683
201,0.24345881363842636
202,0.25112929911119863
203,0.25585868273628876
204,0.27228760649450123
205,0.28136921586701646
206,0.2914099507033825
207,0.2941146836383268
208,0.3012047773809172
209,0.30828180635580793
210,0.32022425829200074
211,0.32677867624443024
212,0.33624802535632625
213,0.34765142016112804
214,0.35171630448894575
215,0.35089494002750143
216,0.3583678881986998
217,0.3741204100078903
218,0.3815509623964317
219,0.3626239497680217
220,0.38422131864354014
221,0.3945592386298813
222,0.38438858167501166
223,0.39033434592420235
224,0.3977324789157137
225,0.4095074758515693
226,0.40321055823005736
227,0.39887557446490973
228,0.3940598100889474
229,0.38876412622630596
230,0.39030709682265297
231,0.3933102539740503
232,0.4006980853737332
233,0.3983152146684006
234,0.40179011644795537
235,0.4125759269227274
236,0.4165120688267052
237,0.4194648683187552
238,0.4277780855773017
239,0.44485712237656116
240,0.4550752654322423
241,0.4803978209383786
242,0.5076260458445176
243,0.522121086192783
244,0.534150326915551
245,0.5315219378098845
246,0.516213339054957
247,0.5087366671068594
248,0.5051752473809756
249,0.5040585907991044
250,0.5009917304269038
251,0.5057350847055204
252,0.5099813704146072
253,0.5151950059225783
254,0.5155200944282115
255,0.518770876689814
0,0.5210393721354194
1,0.5213516262592748
2,0.5187354168156162
3,0.5107567096711136
4,0.5066941428813152
5,0.49824736069422215
6,0.4878633989719674
7,0.48335127462632954
8,0.48518841667100787
9,0.4797038164688274
10,0.4678861784050241
11,0.4516981557244435
12,0.44529511395376176
13,0.4393905852921307
14,0.41203055303776637
15,0.38715768745169044
16,0.36867039190838113
17,0.3609479861333966
18,0.3517751786275767
19,0.34115455992287025
20,0.3388456682441756
21,0.3453215973568149
22,0.3425163783249445
23,0.34556976991007105
24,0.3466658035176806
25,0.3389780872967094
26,0.3303277904051356
27,0.31242322688922286
28,0.2886957897571847
29,0.27232773997820914
30,0.26476957846898586
31,0.2542973334202543
32,0.2428675854462199
33,0.2382876142510213
34,0.23176400823285803
35,0.22330022900132462
36,0.21485112479422241
37,0.20885592105332762
38,0.19604116631671786
39,0.18568809307180345
40,0.1738895662711002
41,0.16796588490251452
42,0.1635159986326471
43,0.14736541325692087
44,0.1400245280819945
45,0.13952632166910917
46,0.14488295034971088
47,0.1448635158012621
48,0.13655047811334953
49,0.1258127472246997
50,0.11802096868632361
51,0.10536436270922422
52,0.10443840455263853
53,0.10692885855678469
54,0.10404839838156477
55,0.09483086987165734
56,0.09002018597675487
57,0.08375435892958194
58,0.08189015300013125
59,0.08051697531482205
60,0.08402458415366709
61,0.08996507019037381
62,0.09296778094721958
63,0.10620981227839366
64,0.12089170626131818
65,0.12579038902185857
66,0.13897358387475833
67,0.14579113310901448
68,0.1564991275081411
69,0.16572431905660778
70,0.17883564933435991
71,0.19192341703455895
72,0.20449979550903663
73,0.21754136844538152
74,0.23055944131920114
75,0.2445297305821441
76,0.2565234378562309
77,0.27239822497358546
78,0.28482946165604517
79,0.2991895661689341
80,0.31742648110957816
81,0.3327034282265231
82,0.35283120011445135
83,0.3685320479562506
84,0.38127735030138865
85,0.3900966394576244
86,0.40182673843810335
87,0.4130475274869241
88,0.42375989275751635
89,0.4281105497502722
90,0.4348920432385057
91,0.4397094182786532
92,0.43817552662221715
93,0.443961379583925
94,0.4507119533373043
95,0.4579376761103049
96,0.45978352247038856
97,0.4640646026819013
98,0.47760645230300725
99,0.4842936365166679
100,0.4870654018013738
101,0.499100579705555
102,0.5189191607641988
103,0.5338232569629326
104,0.536016009922605
105,0.5352769368328154
106,0.5462466720491648
107,0.5615866949083284
108,0.560311775712762
109,0.552208369015716
110,0.544606325449422
111,0.5482374136918224
112,0.547470560122747
113,0.5496312887989916
114,0.5356883425265551
115,0.5246963921235874
116,0.5220165382488631
117,0.5115350566920824
118,0.512779719370883
119,0.5081671909429133
120,0.5011228115181439
121,0.49994431919185445
122,0.49974282435141504
123,0.49856520257890224
124,0.4993402744876221
125,0.5074308945913799
126,0.5106278717285022
127,0.512354823120404
128,0.5121265081688762
129,0.5109220945741981
130,0.5048405364505015
131,0.5104773204657249
132,0.5180546798510477
133,0.5265934615163133
134,0.5312134696287103
135,0.5358244350645691
136,0.5399385193595663
137,0.5342874943162315
138,0.5305970492190681
139,0.5317907940479927
140,0.532005883869715
141,0.5356346843182109
142,0.534377719508484
143,0.5370249227853492
144,0.5343002539593726
145,0.528164645889774
146,0.5313082014326937
147,0.5261519270134158
148,0.5244189095683396
149,0.5192732077557594
150,0.5165750599699095
151,0.5148565818089992
152,0.520458054903429
153,0.5240973696345463
154,0.5267536993487738
155,0.5294044802431017
156,0.5286347852088511
157,0.5215236029471271
158,0.5124728328664787
159,0.4975831526098773
160,0.5012573314015754
161,0.5039484992739744
162,0.5037070072139613
163,0.5044408433022909
164,0.4973670181352645
165,0.4903049672720954
166,0.49106024188222364
167,0.4918133997125551
168,0.4901252053095959
169,0.48843923409003764
170,0.48382839909754694
171,0.4826399196172133
172,0.4795013974653557
173,0.4758798428811133
174,0.4747032045852393
175,0.47304005769547075
176,0.47479404968908057
177,0.47264139633625746
178,0.46463764790678397
179,0.45859876659233123
180,0.46281468216329813
181,0.46165605756687
182,0.4639136937330477
183,0.4617759602260776
184,0.46598331118002534
185,0.46432828466640785
186,0.460724072821904
187,0.4595647703972645
188,0.4569432576536201
189,0.4528621349018067
190,0.45220247574616224
191,0.4515432735788636
192,0.45088452828349546
193,0.4492505452944897
194,0.44078888767398894
195,0.437220033549238
196,0.4331689777900465
197,0.43644214409869164
198,0.43141540040960535
199,0.43225107132457197
200,0.4301574900164269
201,0.4261155560379848
202,0.42598290619207546
203,0.4273133613169193
204,0.4276650841347873
205,0.4289912016247399
206,0.43177782953716815
207,0.42675326619064435
208,0.423200492921751
209,0.4211169016780332
210,0.41464571660617366
211,0.41306384216295555
212,0.41441120917443186
213,0.4103892058483325
214,0.4097886284580454
215,0.40967631741659716
216,0.40761216828832403
217,0.40116041229339316
218,0.40545212413417175
219,0.40436925197718665
220,0.4042633589124307
221,0.3963514539063908
222,0.38796512340195477
223,0.3834958507795818
224,0.39025440195109695
225,0.4028545069741085
226,0.4086017371737398
227,0.40848394634667784
228,0.4015358532778919
229,0.3897209870046936
230,0.38134141615591943
231,0.376391054072883
232,0.38120583846466616
233,0.38698716671206057
234,0.3912940757581964
235,0.3907142434618436
236,0.395013299130369
237,0.39442562172189355
238,0.39139912684913725
239,0.3913044724613428
240,0.3921850633341819
241,0.3886728427023627
242,0.3837027014233172
243,0.38703418761724606
244,0.3776751099503599
245,0.3790646998677403
246,0.37947552860714495
247,0.3813485706341453
248,0.37833920906996354
249,0.3763102881493978
250,0.3718451371532865
251,0.36933871707879007
252,0.3712267921073362
253,0.3765258610364981
254,0.3823027737089433
255,0.383190349501092
0,0.379197267931886
1,0.37716206785989925
2,0.37512988527305424
3,0.3740764133981429
4,0.3739999163663015
5,0.3763622018741444
6,0.3762804603902623
7,0.37766181252663955
8,0.37855226744432
9,0.378952695755288
10,0.37447333859745413
11,0.36951349570881575
12,0.36407402774784714
13,0.364985661348328
14,0.3658950993558392
15,0.3668023446807638
16,0.3667317044455558
17,0.36812415276654065
18,0.3631715287338011
19,0.3611542099970393
20,0.36255483550485224
21,0.3639524014433846
22,0.36388336797244847
23,0.3657652724068612
24,0.3666675623971969
25,0.3636648905230686
26,0.3611548228072934
27,0.35377016582060605
28,0.35615501314168796
29,0.3570715206442401
30,0.3584736841148697
31,0.3564578586956486
32,0.3539572015288286
33,0.3538996634306386
34,0.3504267348907888
35,0.3493986572721042
36,0.3478840052266605
37,0.34246871259529144
38,0.3419409696944058
39,0.3389743856387213
40,0.3443059421842918
41,0.33840699394932017
42,0.335445070406422
43,0.33151218097191304
44,0.32612220814917237
45,0.3334253270877525
46,0.33242154330946505
47,0.32946762634674087
48,0.32944551907712594
49,0.3318621684447862
50,0.3332983074360527
51,0.33180428424384445
52,0.3273853044374846
53,0.32248580566374585
54,0.31954588735243306
55,0.32246485486393794
56,0.3244024349260144
57,0.32438467181054875
58,0.32582997053395957
59,0.32727218797663227
60,0.3291991754085757
61,0.3296586783253588
62,0.32767760672140867
63,0.3164304311503656
64,0.31788676243741065
65,0.3178764631738886
66,0.32420769811142236
67,0.32028238038765267
68,0.31831491651246324
69,0.3158625955693424
70,0.31292628234950826
71,0.31389746867353097
72,0.31193934933980927
73,0.3119356041424908
74,0.3114435252500698
75,0.3104639803059399
76,0.3138763123424724
77,0.3128914613625966
78,0.31385925511131063
79,0.3109220538754016
80,0.3094531193492003
81,0.3084741516504437
82,0.3011544165783562
83,0.3011649155523628
84,0.30361415818333626
85,0.30800996243488044
86,0.304591913940385
87,0.2977645202190615
88,0.2924123211414553
89,0.29341118183219805
90,0.3027012138045393
91,0.312462120258715
92,0.31439964048331603
93,0.3114547482691705
94,0.3119295256328769
95,0.31289081485010684
96,0.3167769880965352
97,0.3196800656733103
98,0.32648026413517073
99,0.3318043297040276
100,0.3385819605900906
101,0.34193208918441087
102,0.3447878817678429
103,0.34715021133888513
104,0.3558498161146417
105,0.36160632682731375
106,0.36052217887481675
107,0.3691963377641514
108,0.3773666640627198
109,0.37527708837296814
110,0.37562986760167405
111,0.3779328173259273
112,0.38462170906132087
113,0.39276165899354964
114,0.3935688220662996
115,0.395837472518906
116,0.3976136220153421
117,0.4023130750283599
118,0.40554000542033464
119,0.4097362604807131
120,0.40709455154137686
121,0.4122624510200694
122,0.41546913294587284
123,0.41720592201454565
124,0.41015771171078086
125,0.4036092156311497
126,0.40048664214555174
127,0.39590543770464137
128,0.3908438940998167
129,0.38432717765681446
130,0.37538218684494495
131,0.3693795708240941
132,0.36338702926877886
133,0.3647222672589123
134,0.36605455819517374
135,0.35811480140546337
136,0.3540913568576798
137,0.3530015823780559
138,0.34996179456356913
139,0.34351191838504747
140,0.3424392747110687
141,0.3438072326243855
142,0.33346387662459165
143,0.3333831580239348
144,0.3323263610363938
145,0.33175876282621175
146,0.3209468494169414
147,0.31649564439430833
148,0.32619942247401923
149,0.34076393087161705
150,0.3260311865597032
151,0.30254283000249416
152,0.30397592642111704
153,0.32394420576747507
154,0.33021678624209017
155,0.32867214642465115
156,0.32664188236230984
157,0.32217546936590225
158,0.31430154462577775
159,0.2952206099871546
160,0.2761730884667486
161,0.28008778649382293
162,0.2859464814537205
163,0.29325786471599713
164,0.2986044124700129
165,0.30003821494756266
166,0.2980540643329732
167,0.2970486609265208
168,0.298483811377082
169,0.29894024663371965
170,0.2954926187521778
171,0.28912356006912887
172,0.282765353214927
173,0.27495444647502154
174,0.2739868398057297
175,0.27253267087507993
176,0.27205634862184525
177,0.26962905167602
178,0.2623271631891839
179,0.2638190812431276
180,0.26628362864721566
181,0.2638649037689902
182,0.2634014466893859
183,0.26196270127547905
184,0.26150179177057
185,0.2625048301415518
186,0.26399352023145184
187,0.2586492840782739
188,0.2557533662766218
189,0.2538378812605515
190,0.25582817691611126
191,0.2519603635300882
192,0.2510261050192639
193,0.25594727968564257
194,0.2584200740675442
195,0.26040022214874625
196,0.25896150985499844
197,0.2541100097587332
198,0.2536573506658897
199,0.24832661874825135
200,0.243980654689949
201,0.24695973540656269
202,0.243103270244319
203,0.2343747927225195
204,0.23785763216437772
205,0.2369432837003842
206,0.2384694221545942
207,0.23608969344059005
208,0.23859229282243177
209,0.2337723581586033
210,0.23188769776606932
211,0.23439664527541026
212,0.23397368233418092
213,0.23257540544727817
214,0.22776431107195094
215,0.22832772228866816
216,0.22693838231498376
217,0.2260389979928732
218,0.22855578671442345
219,0.22911635506898165
220,0.23113910877145827
221,0.2268158874940127
222,0.2229878315120004
223,0.2255082386545837
224,0.22997520462376997
225,0.22370122926076874
226,0.22182866837829351
227,0.21849553927313536
228,0.21907076361821964
229,0.21964462049072608
230,0.22070495906518772
231,0.2276172368437983
232,0.2350047294748947
233,0.2477450572187081
234,0.25216896313941106
235,0.23365578014636412
236,0.20785738597624004
237,0.20259406795958057
238,0.20075470837764442
239,0.20038184005534276
240,0.19074021349661052
241,0.1816032524802722
242,0.1700429900083691
243,0.16094222280662507
244,0.14746673218905926
245,0.14084480120800436
246,0.12984377733664587
247,0.11739853856852278
248,0.11375646817032248
249,0.10426651372108608
250,0.09772033017361537
251,0.08825853001326323
252,0.08076478051953018
253,0.07621129491599277
254,0.07410501153208315
255,0.06761172279948369
0,0.07039896037895232
1,0.06976620480418205
2,0.06181674904655665
3,0.058759785955771804
4,0.05473246274050325
5,0.04778511868789792
6,0.044264967378694564
7,0.04660516732838005
8,0.04796544316923246
9,0.050786770763807
10,0.04921238060342148
11,0.05593411676818505
12,0.06313167698681355
13,0.06543788232374936
14,0.06530065141851082
15,0.0724812745465897
16,0.08013688115170226
17,0.08582737762480974
18,0.08223853091476485
19,0.08743718272307888
20,0.08921153272967786
21,0.08854335366049781
22,0.08933976362459362
23,0.08769538073102012
24,0.08995655924081802
25,0.09026219072984532
26,0.09154283173847944
27,0.08989396912511438
28,0.08385726402048022
29,0.08514885837212205
30,0.08692587265977636
31,0.08333327085711062
32,0.0904795631649904
33,0.09322239540051669
34,0.09693590545793995
35,0.09527634549885988
36,0.09557097189826891
37,0.09440138161880895
38,0.09030663321027532
39,0.09500026924069971
40,0.0962704878184013
41,0.09705045178998262
42,0.09490179194835946
43,0.09861096797976643
44,0.09987416455987841
45,0.10503774113021791
46,0.10775274544721469
47,0.1094870637753047
48,0.10975458682514727
49,0.1124606995144859
50,0.1156496771145612
51,0.11005155346356332
52,0.11422014719573781
53,0.11350268311798573
54,0.11327416129643098
55,0.11646079900674522
56,0.11281172890448943
57,0.11404743534512818
58,0.11040229169884697
59,0.11115407419856638
60,0.1070258702384308
61,0.1111982359434478
62,0.10804530407767743
63,0.1063613424776122
64,0.10468020272674039
65,0.10836820595432073
66,0.11253733705962077
67,0.1137718025711365
68,0.11012542055686936
69,0.10892457683803514
70,0.10723784565925598
71,0.10604178748326376
72,0.10728692333213985
73,0.10755398368928581
74,0.10879609518451616
75,0.11345076200086623
76,0.1161455949768424
77,0.11688406905159354
78,0.11420611426001415
79,0.11543551471550018
80,0.1195896349963732
81,0.11934556253254414
82,0.12105312489438802
83,0.12129392143106088
84,0.11958270880859345
85,0.1139715647441335
86,0.11422437458531931
87,0.11447655491065234
88,0.11424025922315195
89,0.1120528121246025
90,0.11328400508500636
91,0.11695207067532465
92,0.11573496309574693
93,0.11403198598418385
94,0.11038046225439757
95,0.11258941830601543
96,0.11284288432216272
97,0.10919294122140855
98,0.11042778217233717
99,0.10678178042871878
100,0.11094764457084239
101,0.11608163203345612
102,0.1182792346808128
103,0.1165699681150727
104,0.11291216179961339
105,0.11218775750603527
106,0.11244015698321164
107,0.11415547347860411
108,0.11098908848362043
109,0.11221877799835056
110,0.11247041187016293
111,0.11077003093669191
112,0.11199957958888263
113,0.11176322546089068
114,0.10957572399638593
115,0.10690408601658419
116,0.11253043153556064
117,0.10936535283690318
118,0.11205989203881472
119,0.11231023207074031
120,0.11109640751965344
121,0.1123238003347069
122,0.11110959865618497
123,0.11282446258701384
124,0.11112117068842053
125,0.10990857472643256
126,0.11260073899757117
127,0.11333655484486371
128,0.11455873271916062
129,0.11187577905366197
130,0.1106609549606219
131,0.11335089366184548
132,0.11262094392441213
133,0.11140426516067237
134,0.11262880818685517
135,0.11189960880437866
136,0.10824444203171879
137,0.10752267943462357
138,0.10631418117554858
139,0.10413196543231606
140,0.1082954783923924
141,0.1144028176786378
142,0.11610850418219343
143,0.11829882627353072
144,0.11414305394282565
145,0.11584865092299879
146,0.11364825611235574
147,0.11730575928231701
148,0.11412671714788303
149,0.1099774440517649
150,0.11022599262651056
151,0.11096177337458357
152,0.10925683460664004
153,0.10609120747540146
154,0.11122444248758256
155,0.10951852105790749
156,0.11074254137929529
157,0.10708573728334159
158,0.10587449505692348
159,0.10515308356843889
160,0.10345709207467735
161,0.10225179564440623
162,0.10543910600244999
163,0.11740184674272314
164,0.12446468544658273
165,0.11980644561117515
166,0.10881426883861423
167,0.10223206580849364
168,0.09761277848156169
169,0.09885570971528068
170,0.10497475363081321
171,0.11254630942130461
172,0.11912854865659028
173,0.11545411334373057
174,0.11081032478250563
175,0.10666245402535424
176,0.10496101743774489
177,0.10423813108354807
178,0.1025406684493646
179,0.1081637714523822
180,0.11231317656347528
181,0.11255225591594353
182,0.11230288562364876
183,0.11156593286432326
184,0.10936656995909289
185,0.10765878669917583
186,0.10888095118571073
187,0.11107646842719987
188,0.11424360744422302
189,0.11008722858969122
190,0.10740159876877442
191,0.10374487232184038
192,0.10692434088559821
193,0.10326812911080196
194,0.10156963643385097
195,0.10377677937503904
196,0.10451629688031971
197,0.10623003134969622
198,0.10598916473099962
199,0.10428501560818404
200,0.10599866072880104
201,0.11014833330409601
202,0.11380261636804789
203,0.11842592607717961
204,0.12060160224791616
205,0.12033398658968508
206,0.11860311351483688
207,0.11248449800768867
208,0.11174289224436507
209,0.11002673138864338
210,0.11367976729525253
211,0.11244766158051789
212,0.10877832811092958
213,0.10316394752589986
214,0.09853506786748767
215,0.09488994657294825
216,0.09515392821049318
217,0.09395374782616273
218,0.0956826355541125
219,0.09935969254001975
220,0.09912728314520791
221,0.10182221524883062
222,0.10743928677402437
223,0.09987433080095798
224,0.09671327704563737
225,0.09599692124174908
226,0.09674522822024301
227,0.09651635866612196
228,0.09872698067920282
229,0.10190921695902944
230,0.09923147090012208
231,0.0960704751778394
232,0.09828126343199983
233,0.0960973427281715
234,0.09440499567426741
235,0.09710613242350519
236,0.09980231948429719
237,0.10103001911193132
238,0.10762170248199254
239,0.1122501214267686
240,0.11394305946305394
241,0.10880294581875205
242,0.09391483524814248
243,0.08783426764421165
244,0.08713068091310561
245,0.08789174852427095
246,0.089627020934131
247,0.09087122313212603
248,0.08625890186522156
249,0.08165463368641213
250,0.08535182051127777
251,0.09489647852024063
252,0.09320354525698349
253,0.09346486121648923
254,0.09323771769413725
255,0.08715665945783257
0,0.08645258407341316
1,0.08574962225975469
2,0.08309638279024512
3,0.0828869609395042
4,0.08170208474621177
5,0.0824705736595206
6,0.08518895792076364
7,0.08546314330305904
8,0.0876880967989564
9,0.08551833318779245
10,0.08823076280532405
11,0.0870354562648572
12,0.08730567729799077
13,0.08952667086850852
14,0.09125573188066483
15,0.0905423408257775
16,0.0869029879104346
17,0.08619704510783777
18,0.0893950000172481
19,0.0872208122164011
20,0.08163541415706277
21,0.08240182267036289
22,0.08023965492611751
23,0.08052043709903955
24,0.07982489868300036
25,0.08156970667187124
26,0.08087204996263608
27,0.0831025896477513
28,0.08484119013883173
29,0.0846251790644601
30,0.08733650326030329
31,0.08711579005466774
32,0.08640748343896121
33,0.08570029796101153
34,0.08499423274770379
35,0.0794108112459071
36,0.08847260504262522
37,0.08873691293410957
38,0.08656137366779149
39,0.08341386506799608
40,0.07929611823055893
41,0.08006403327453882
42,0.08180615323362872
43,0.0854964412865229
44,0.08088663296075538
45,0.08555398572934791
46,0.08777367830043659
47,0.0904771385830827
48,0.09171211300417781
49,0.09148120699683204
50,0.08929917600471526
51,0.08565733581781387
52,0.08738814987009391
53,0.08716436225222424
54,0.08742868190165609
55,0.08866808918537572
56,0.08892946061678231
57,0.08967807504814118
58,0.08896167587954551
59,0.08873425557976589
60,0.09192203206475824
61,0.09364046045811847
62,0.09242860419908538
63,0.09073090611491352
64,0.08708468882832676
65,0.08588404580950737
66,0.08029477094532922
67,0.08154515916248783
68,0.08084180823061615
69,0.07867603574413806
70,0.07748967944644392
71,0.07240252656629309
72,0.07269061543047428
73,0.07151453493861482
74,0.06741334428079426
75,0.06722210976295173
76,0.06654326093848795
77,0.07074398791883141
78,0.0710343640530482
79,0.07034841709537432
80,0.0701514245592989
81,0.0714182136580348
82,0.06829201255459338
83,0.07248896785313264
84,0.07033633813261986
85,0.07062665739795193
86,0.06847711181035265
87,0.06974620744585991
88,0.07052509213099256
89,0.06739970180206001
90,0.06184051657328382
91,0.06263312260853127
92,0.06244852743111551
93,0.06519124645274132
94,0.06305051705567166
95,0.06237703195074573
96,0.06365603394806385
97,0.06493266485631466
98,0.06376768834888935
99,0.061628984462004155
100,0.0629089135909453
101,0.06516216596355662
102,0.06448422913672403
103,0.06283169891685247
104,0.05971846089232713
105,0.0575863515259698
106,0.057409327127970755
107,0.057232526363804936
108,0.05656810145592317
109,0.058344004733953625
110,0.06109235784970224
111,0.05993295379448682
112,0.0607269040774554
113,0.057128720567561686
114,0.05792746366932988
115,0.052870526269543916
116,0.050749569723848253
117,0.05107153666904196
118,0.050417156133335084
119,0.05317879089852795
120,0.0578868281445466
121,0.06063502456527203
122,0.061914702760986984
123,0.06416770594660193
124,0.06153813184937462
125,0.06135236728005111
126,0.06116683571599424
127,0.05756660387851298
128,0.05397267360240221
129,0.04940934415208176
130,0.048756819567643106
131,0.048593224317301065
132,0.04794199502794072
133,0.04436476097907871
134,0.04567228420637548
135,0.045026023231912404
136,0.04877146694343537
137,0.0476317074499093
138,0.0567386953625828
139,0.06046310032252222
140,0.06027801620075479
141,0.05472684238338843
142,0.04479481029557064
143,0.042198056005872786
144,0.04399647394893691
145,0.04335239133797586
146,0.04612431669374928
147,0.04645200975937769
148,0.04043702903436497
149,0.031505579070653766
150,0.028444108611438423
151,0.030266504734754562
152,0.02623144641984254
153,0.024642748991027474
154,0.025496071320958436
155,0.02537214325275272
156,0.02915117534575984
157,0.030484213959425688
158,0.02888775191968307
159,0.031196859490592033
160,0.03252612252254039
161,0.03434082167223096
162,0.03371300647268072
163,0.033086252864450216
164,0.03733903536340222
165,0.03865712252445519
166,0.03363078960683197
167,0.035931041929870844
168,0.03530006774235517
169,0.03125522512709722
170,0.032095990667585284
171,0.02854458463843912
172,0.02695082942955196
173,0.02535986149450764
174,0.028162306582089514
175,0.02266632253304124
176,0.024497774604242295
177,0.029253021639306098
178,0.028145608317572623
179,0.029479354503564537
180,0.02983499114634469
181,0.030677796399686486
182,0.033470447233412415
183,0.03430669638328254
184,0.03270216839155182
185,0.0364667612593621
186,0.034370441164355725
187,0.030326398729812354
188,0.03019226953620091
189,0.027131245122291148
190,0.026027003419585526
191,0.028339613985735923
192,0.03016022639349103
193,0.026611234876327217
194,0.03184975922340527
195,0.03463969397125766
196,0.034009687253274024
197,0.033380745619069785
198,0.03616780071752146
199,0.03699845989467576
200,0.03538834786741063
201,0.03817166690714657
202,0.037535050709266216
203,0.03836304822470993
204,0.039189514878671616
205,0.04050229996209964
206,0.041324842371977866
207,0.04165801132330671
208,0.04003913281485438
209,0.04281369358068332
210,0.04021693696267903
211,0.03811257513007149
212,0.03747543232748285
213,0.03683936130255461
214,0.041570684930775315
215,0.040927218797151
216,0.03930913546355441
217,0.03915740555385128
218,0.03851803578436375
219,0.0388554353849031
220,0.03724078449886292
221,0.038068179273977876
222,0.03791834972798824
223,0.0382565738982521
224,0.03713059448637068
225,0.0374700982356444
226,0.03536970226559788
227,0.041566388274077326
228,0.0423856828128919
229,0.04027637018589303
230,0.03865858685458079
231,0.04338563320925459
232,0.04615282756276429
233,0.04598795028869063
234,0.046311140700709075
235,0.045170141209382564
236,0.04647033422952518
237,0.04532890749396756
238,0.045165130810346454
239,0.04256233584601432
240,0.04630611336324364
241,0.04614038986619562
242,0.04304780228994787
243,0.04191202815854922
244,0.041753899422474205
245,0.0420838333084248
246,0.04290096223121509
247,0.03493531636195257
248,0.03186223452212289
249,0.028794558893423527
250,0.029147217457648367
251,0.02657211833866313
252,0.027416482858825475
253,0.031186389969661832
254,0.03397385880816728
255,0.03285354434046894
0,0.03319870965788141
1,0.034518905042205006
2,0.03534885396948084
3,0.03178664547158405
4,0.027255016437266022
5,0.02419493329944089
6,0.0216280929162167
7,0.022968556499108672
8,0.022843061131425202
9,0.021254209510516375
10,0.019668145629111677
11,0.0185727144125849
12,0.018454893841408193
13,0.018825101084075868
14,0.016755383228883147
15,0.021519179979804903
16,0.02237170370062813
17,0.023222678166348487
18,0.026511342963203788
19,0.026379193586762995
20,0.02966217027278617
21,0.030012185336090624
22,0.030849379254505038
23,0.032660732977092266
24,0.030078190786298364
25,0.030915119452401996
26,0.035653293947689235
27,0.03745591372717172
28,0.03730388334952295
29,0.03422497841529548
30,0.03212718159193173
31,0.032472296443302184
32,0.03428029007045552
33,0.033157933852635324
34,0.030086127808317542
35,0.025556185632012784
36,0.024937026959378272
37,0.029197403870057315
38,0.03247447492321953
39,0.03086720040300861
40,0.02975057833828032
41,0.033026520046405494
42,0.03141811740351841
43,0.03469099651556462
44,0.03600661922246218
45,0.03634415421402082
46,0.033753946830984205
47,0.03702245600288734
48,0.03247954213293269
49,0.02794464334147051
50,0.021954209601972252
51,0.015974377747625113
52,0.015859308885410428
53,0.027940608677454293
54,0.04195180325768888
55,0.04227832186734304
56,0.04845836467575282
57,0.03804054047213867
58,0.043252275965642184
59,0.04455190896987915
60,0.05706965777790174
61,0.07102863310137764
62,0.0698394364444539
63,0.0637737654033117
64,0.07040280004730448
65,0.07653210579883307
66,0.08752888336312026
67,0.09216397861018777
68,0.09191222250228748
69,0.09653924405574799
70,0.09530372661538422
71,0.10772998403990641
72,0.10598642838886008
73,0.11790553282480687
74,0.11468001321190968
75,0.10999649675795808
76,0.11605376901570708
77,0.11527023685630411
78,0.11741499917116016
79,0.1288248714990914
80,0.1367993483436294
81,0.13646604120731354
82,0.13418171991361305
83,0.14117034629452974
84,0.14473140804329887
85,0.14877376571530476
86,0.15329655824461952
87,0.15732323069823906
88,0.1598789621493779
89,0.1638934458605945
90,0.16399776190519333
91,0.16556517640128732
92,0.16956878424389288
93,0.1706379298120737
94,0.16877782222582027
95,0.1649693603394553
96,0.1587281622341834
97,0.15298564254771918
98,0.15457079088082537
99,0.14932301442604512
100,0.14603571029147133
101,0.138363384117838
102,0.13363154733087867
103,0.12842005369020626
104,0.12224191537825391
105,0.11948948650388047
106,0.10649695718893781
107,0.1018207372399047
108,0.10105544002726674
109,0.10224273218773305
110,0.1000128219020553
111,0.09583532251417637
112,0.08922585129039362
113,0.08653075527399778
114,0.08237676520366222
115,0.07871786819305271
116,0.07165041042026132
117,0.06118045520270243
118,0.05024114600382745
119,0.04029687598813325
120,0.03232158935861662
121,0.031190278357826173
122,0.028597384050954133
123,0.024057658098172396
124,0.02050164988031611
125,0.021342551393900067
126,0.02071838331175968
127,0.015704662713687867
128,0.01460259995656088
129,0.010575385647825897
130,0.007531000243034214
131,0.01083402702352032
132,0.011204086244106293
133,0.00571930012665689
134,0.0036591763491742313
135,0.006481180666014552
136,0.003931840474251658
137,0.0072411917499266565
138,0.008593265141826123
139,0.007991533959284425
140,0.00885440141428262
141,0.00971572264097631
142,0.007160566281527281
143,0.007537020894233137
144,0.004985709849279374
145,0.0029267683275975287
146,0.003310715896077454
147,0.0017425862606614828
148,0.0011529334587976336
149,0.004467106133233756
150,-0.000030173861887305975
151,-0.001104535534977913
152,-0.0007134451880119741
153,-0.0012987431837245822
154,-0.0048100853455252945
155,-0.006851642508991063
156,-0.007913868990726769
157,-0.013852672360371798
158,-0.01002395775867626
159,-0.00961695855949074
160,-0.014089142496231943
161,-0.01611412549391389
162,-0.01667194499168545
163,-0.017228747543413192
164,-0.017784534371457994
165,-0.018339306232519448
166,-0.019868759205564857
167,-0.021395465068053454
168,-0.019504493451677263
169,-0.015177610795944929
170,-0.008906996401492506
171,-0.006550282530952245
172,-0.012978998944163322
173,-0.008175786293577403
174,-0.00972310733050108
175,-0.007852732902392745
176,-0.008912752207834274
177,-0.008019485219847411
178,-0.005664248776156455
179,-0.00575242331251502
180,-0.003889041719958186
181,-0.004468200379051268
182,-0.004070628609042615
183,-0.004161603923421353
184,-0.0037645635311491787
185,-0.0033682219800539315
186,-0.006387512199580669
187,-0.007937888207379729
188,-0.004607023554854095
189,-0.005184846231713891
190,-0.006737329764291644
191,-0.01023843657458201
192,-0.012269767990801483
193,-0.015273168333806098
194,-0.016807669075205922
195,-0.016388028394430876
196,-0.01401771669043228
197,-0.015066524443682283
198,-0.01416205579880625
199,-0.01179562823381275
200,-0.010896926280111074
201,-0.008536260400433093
202,-0.007643314893357456
203,-0.006751942972186953
204,-0.0048864479758776724
205,-0.006927038019057363
206,-0.007500451407395303
207,-0.009048529725987464
208,-0.007666759775020182
209,-0.009702363924589008
210,-0.008319405606016517
211,-0.013768755656201392
212,-0.015305627486668527
213,-0.012449118308722973
214,-0.01106120424810797
215,-0.008700041624251753
216,-0.010733685921877623
217,-0.011300159792881459
218,-0.00991421949584037
219,-0.00901857204735279
220,-0.010075890982989222
221,-0.008692078699823469
222,-0.009262100153136998
223,-0.011294637341052294
224,-0.009420767426490784
225,-0.010477295028977096
226,-0.008116997370962054
227,-0.007224420260172337
228,-0.005357721704058349
229,-0.009836347191594541
230,-0.009428529650904238
231,-0.013899896817747504
232,-0.01202128455042839
233,-0.005267512984573841
234,0.0014742748462595046
235,0.009179785149171948
236,-0.00508154125418514
237,-0.018341842805966735
238,-0.027675789897330105
239,-0.022357693233061582
240,-0.014609766309149563
241,-0.014681134081911296
242,-0.019630827708169818
243,-0.02652309217955917
244,-0.02559751580702141
245,-0.02418569481233135
246,-0.023752037610393018
247,-0.025270503072533756
248,-0.0316647082217969
249,-0.03365688200574368
250,-0.03320622711908072
251,-0.035195558215491474
252,-0.03474206349346787
253,-0.033313623804133385
254,-0.0323755155550316
255,-0.032414716901257634
0,-0.033917340100742877
1,-0.03834432712756097
2,-0.036909222370013595
3,-0.037427997624035925
4,-0.035018707159906626
5,-0.03554072487168014
6,-0.035086064133793116
7,-0.03560785058652982
8,-0.03368941630469635
9,-0.035189268237445503
10,-0.03132007806561887
11,-0.030384794110432267
12,-0.03237820795038715
13,-0.03339233616134152
14,-0.030013982846867293
15,-0.028592970862518996
16,-0.03156506485538557
17,-0.02965335623594001
18,-0.03115992806851864
19,-0.03315162326907739
20,-0.03270049177808687
21,-0.03322580485837534
22,-0.030823047214653343
23,-0.03135159256635234
24,-0.030415607208851725
25,-0.029481235658749938
26,-0.02903632423840463
27,-0.02712861413601786
28,-0.028151333855930716
29,-0.03209927870193496
30,-0.036040162842255086
31,-0.03509551705792546
32,-0.03610388346714899
33,-0.03369546931935474
34,-0.03031558310613036
35,-0.027917345520108938
36,-0.02845040720421821
37,-0.03190956311300397
38,-0.030971898522693664
39,-0.02954800211591646
40,-0.027150892303325236
41,-0.025733690767083317
42,-0.02870959317078814
43,-0.027777385781519115
44,-0.024407551623880863
45,-0.022507205372676253
46,-0.02158589247846976
47,-0.02456896210787818
48,-0.02218037302372977
49,-0.017844599613454193
50,-0.017907124652992934
51,-0.02040874835802242
52,-0.018515269679483026
53,-0.014673733559902757
54,-0.014741775812581182
55,-0.012858283589594066
56,-0.010002420109231025
57,-0.00910300196846947
58,-0.007717319007497281
59,-0.0068219315144233406
60,-0.010806598991621286
61,-0.011857088713441044
62,-0.013881389808375388
63,-0.015414227091241628
64,-0.018407860829029232
65,-0.01700552221154794
66,-0.018044884491246194
67,-0.017618830082938075
68,-0.016217809112276882
69,-0.016282792843412608
70,-0.014396245242096484
71,-0.013488719763699919
72,-0.013558479375205934
73,-0.014115941419731826
74,-0.0156480863224715
75,-0.01815318124135956
76,-0.01577532390365377
77,-0.012913816142827272
78,-0.012008758902084082
79,-0.008666052017360926
80,-0.009719894675072283
81,-0.014674631238449365
82,-0.00937574851559475
83,-0.0035984115675091743
84,0.008022843510843813
85,0.009378652786836028
86,0.0004872409626841545
87,-0.009364079451188445
88,-0.017246503150090575
89,-0.02560275129508227
90,-0.02662640839116648
91,-0.02764820581069216
92,-0.03354662097990513
93,-0.035531729517970234
94,-0.0331226292764768
95,-0.03608407737920061
96,-0.03221034404123202
97,-0.030294828524347395
98,-0.03082190378336236
99,-0.032323689840268344
100,-0.033334910578560084
101,-0.03288074064766988
102,-0.03047593485098332
103,-0.03002674091840163
104,-0.032505382667295635
105,-0.030101096315775067
106,-0.028676726506091654
107,-0.0306697734631598
108,-0.03265923319850117
109,-0.029766633175313473
110,-0.02834266488207504
111,-0.030336113122757524
112,-0.029886735952459276
113,-0.029925957263913006
114,-0.028501518943812698
115,-0.026591716974508017
116,-0.023709568893536925
117,-0.024247433990240097
118,-0.02039367752149701
119,-0.02581583522260189
120,-0.027813391759991646
121,-0.02834381489083171
122,-0.02692186093190685
123,-0.023550999292638153
124,-0.025064561050385237
125,-0.027063243614975363
126,-0.02808263909537345
127,-0.03349080868065357
128,-0.03157160902628675
129,-0.02868007216602564
130,-0.02774501428939402
131,-0.025348030088935047
132,-0.02783373766578734
133,-0.03226637787884101
134,-0.03132477350300178
135,-0.03428757196525112
136,-0.03383012267295271
137,-0.03873975545866415
138,-0.03778643865371123
139,-0.038786145218182355
140,-0.03344199707498774
141,-0.032497913169208914
142,-0.029116216232068837
143,-0.025740477780345827
144,-0.027249168197158724
145,-0.028755136765539646
146,-0.029282690840773284
147,-0.030784957052674145
148,-0.02984526945510879
149,-0.026955812878441066
150,-0.029925614944659173
151,-0.028499468637164682
152,-0.027563656796701252
153,-0.02662946342024952
154,-0.02374549600062892
155,-0.02672078280011192
156,-0.03017859219107777
157,-0.03411806171061471
158,-0.03414770198287442
159,-0.03368938836501911
160,-0.030304749554488808
161,-0.03131670079892501
162,-0.03086326300399378
163,-0.029922734014689922
164,-0.027032437501475215
165,-0.02756216307170689
166,-0.023212428903207183
167,-0.02228531433502212
168,-0.026726133946795017
169,-0.028231940872501582
170,-0.03314996254630387
171,-0.034644266590476036
172,-0.03662371018435806
173,-0.03469680075068027
174,-0.034724648168776184
175,-0.03719162900233641
176,-0.03819062822731212
177,-0.039187793096061796
178,-0.03774388792226091
179,-0.04069311486091465
180,-0.03924641280900687
181,-0.036826522438786924
182,-0.03294732776703313
183,-0.028587121225427836
184,-0.03252802009228617
185,-0.03255908965365961
186,-0.03210220503387973
187,-0.03067038580775261
188,-0.03070460318122059
189,-0.030738711182493716
190,-0.032724100339692086
191,-0.02982743695611134
192,-0.026448021992109716
193,-0.0216110231122002
194,-0.021173206507228315
195,-0.022199676546733826
196,-0.023224289005156606
197,-0.02229565504239872
198,-0.024295720388181508
199,-0.028243586188182235
200,-0.028769464639481157
201,-0.02978221158264205
202,-0.031280960829462856
203,-0.03228915185900405
204,-0.03183195914607495
205,-0.03137552784755826
206,-0.03335909522138536
207,-0.03826617338927463
208,-0.03584676468744874
209,-0.03440729039721191
210,-0.034433860215358436
211,-0.03543602372519672
212,-0.03448496136115864
213,-0.039389704121276736
214,-0.03501657221931964
215,-0.028699759452138096
216,-0.023857659951318055
217,-0.02292690088506788
218,-0.0224856054992415
219,-0.02253290603403002
220,-0.024531477189157158
221,-0.02799000352388248
222,-0.029978802369441837
223,-0.02854908921290189
224,-0.030048955290112644
225,-0.029594720399472862
226,-0.02670200733700767
227,-0.026741473702713847
228,-0.026780827902257442
229,-0.028283612395171076
230,-0.02685659861890599
231,-0.02738346648402512
232,-0.024982270202599466
233,-0.024536687997169793
234,-0.02409185835858807
235,-0.023647780471947044
236,-0.021740911121014506
237,-0.018861697695683688
238,-0.01891465252265334
239,-0.01701609283918515
240,-0.020487200876232237
241,-0.020537180069368333
242,-0.018635648069903255
243,-0.01966454816283658
244,-0.025082218402530998
245,-0.026099601527675986
246,-0.02613944181939587
247,-0.027154865209013224
248,-0.020850729197263718
249,-0.017484839248936623
250,-0.010222117241937667
251,-0.012241378368344158
252,-0.01035425451118499
253,-0.01481248316122219
254,-0.016823534853756428
255,-0.02029453165596351
0,-0.018880857969634235
1,-0.01990890217712149
2,-0.01605661411304027
3,-0.017577463760972023
4,-0.020071280421689153
5,-0.022072789957746863
6,-0.01772869221167639
7,-0.021685688523575664
8,-0.028562710038386285
9,-0.027134067029692233
10,-0.024244375177659094
11,-0.023799013753887266
12,-0.022378710273187608
13,-0.02193658845499158
14,-0.022958759625907987
15,-0.021051994350273162
16,-0.02012427634326741
17,-0.01871032634517178
18,-0.017298857390414923
19,-0.018329104990698397
20,-0.017406104190740734
21,-0.014045476738829166
22,-0.011178641871083528
23,-0.004901946347672492
24,-0.0025391687522642314
25,-0.004571210185531527
26,-0.004648246336728334
27,-0.0032615953823551536
28,-0.0013895540032535791
29,-0.002447919803671539
30,-0.005943640193436295
31,-0.008457449381239712
32,-0.009015391406137496
33,-0.01103587110992521
34,-0.013540593557991087
35,-0.015552999742794782
36,-0.016098265419714153
37,-0.019569622993003577
38,-0.019132005283609033
39,-0.015280201565474272
40,-0.015337993332650512
41,-0.01832274382468313
42,-0.018862927507143468
43,-0.020865665341261774
44,-0.01896203332580626
45,-0.018037446949165314
46,-0.01760232081869617
47,-0.022046415659133345
48,-0.024043346580583602
49,-0.024573151487857103
50,-0.026077671733219177
51,-0.026603784353937954
52,-0.02712892077397555
53,-0.02618953923229128
54,-0.027203174482565373
55,-0.02772711933357641
56,-0.02629870007513091
57,-0.024872775189578533
58,-0.023449343105312437
59,-0.02593118161894381
60,-0.025481487391516566
61,-0.026983941497746855
62,-0.026532294985372573
63,-0.026081408432219177
64,-0.02807051915442571
65,-0.03249529161257669
66,-0.0334972232230939
67,-0.03303378017153591
68,-0.03354680287884548
69,-0.03259531897492707
70,-0.033596863446291536
71,-0.030205948278307915
72,-0.030723786796443164
73,-0.03367989498656243
74,-0.03760639647953212
75,-0.03762308624573052
76,-0.036176144203636795
77,-0.033756018965505064
78,-0.03377937525510788
79,-0.031851246603764594
80,-0.032365728926379234
81,-0.03239139908691868
82,-0.0319291249033995
83,-0.03244331607129425
84,-0.03539578104391694
85,-0.03980649035656825
86,-0.0349402014981024
87,-0.03544882114510983
88,-0.039371414575725794
89,-0.040359895676374435
90,-0.04476149083347991
91,-0.044276724103838205
92,-0.04623198613990098
93,-0.04428092285525054
94,-0.04574818682158366
95,-0.045261383056640625
96,-0.04575106728589162
97,-0.044776266848202795
98,-0.0442909742705524
99,-0.044294320861808956
100,-0.04283404891612008
101,-0.042839844652917236
102,-0.04626049561193213
103,-0.04772360937204212
104,-0.051135440240614116
105,-0.04868696158519015
106,-0.04965768626425415
107,-0.04769952374044806
108,-0.04818400036310777
109,-0.04817969317082316
110,-0.05549303092993796
111,-0.058402667520567775
112,-0.06325843598460779
113,-0.06078776915092021
114,-0.04954013688256964
115,-0.04319087299518287
116,-0.03929205232998356
117,-0.03735148231498897
118,-0.030535823316313326
119,-0.03202562651131302
120,-0.03400058130500838
121,-0.03841121343430132
122,-0.030617764627095312
123,-0.019423171994276345
124,-0.009224120643921196
125,-0.007336572569329292
126,-0.007403754687402397
127,-0.007470805663615465
128,-0.005586335668340325
129,-0.004680897807702422
130,-0.001825670013204217
131,0.002975881041493267
132,0.008256749773863703
133,0.008649753173813224
134,0.012456978030968457
135,0.019672356080263853
136,0.022484263638034463
137,0.025291142985224724
138,0.028580845915712416
139,0.027961882355157286
140,0.023929040355142206
141,0.021854711580090225
142,0.021247574070002884
143,0.019177938404027373
144,0.016624099400360137
145,0.01261122606229037
146,0.005678372574038804
147,0.007051228662021458
148,0.006958093028515577
149,0.00784080708399415
150,0.006770551030058414
151,0.0066778798354789615
152,0.00560966762714088
153,0.004543342918623239
154,0.002503209514543414
155,-0.0024603911442682147
156,-0.00156100356252864
157,-0.0031024484778754413
158,-0.004641151463147253
159,-0.010567743156570941
160,-0.011117472022306174
161,-0.012641901965253055
162,-0.011236520076636225
163,-0.012760701298248023
164,-0.013794308295473456
165,-0.011898972967173904
166,-0.012446221895515919
167,-0.013480326975695789
168,-0.011585489439312369
169,-0.01359677838627249
170,-0.014628779550548643
171,-0.019073858275078237
172,-0.022047471546102315
173,-0.022088684665504843
174,-0.019690552027896047
175,-0.02071157906902954
176,-0.02026721794391051
177,-0.01884791871998459
178,-0.016943262075074017
179,-0.01894474116852507
180,-0.023381874430924654
181,-0.02585970179643482
182,-0.02443030837457627
183,-0.02495480456855148
184,-0.02938111062394455
185,-0.026481797511223704
186,-0.02749037102330476
187,-0.027521415264345706
188,-0.028040208329912275
189,-0.027582340815570205
190,-0.028588785615283996
191,-0.030569093069061637
192,-0.030106598394922912
193,-0.03159626747947186
194,-0.03161969914799556
195,-0.03359442931832746
196,-0.029223581834230572
197,-0.033153857628349215
198,-0.029759388824459165
199,-0.027834442909806967
200,-0.0273764138109982
201,-0.026919154508505017
202,-0.026462664594873786
203,-0.029909724078606814
204,-0.02993568265810609
205,-0.0314250907395035
206,-0.03388749965233728
207,-0.03780902549624443
208,-0.035381510271690786
209,-0.0334460970479995
210,-0.037368238146882504
211,-0.03250210004625842
212,-0.030571635987143964
213,-0.03303517971653491
214,-0.034518601605668664
215,-0.037950725469272584
216,-0.03796176245668903
217,-0.035533481859602034
218,-0.03310945676639676
219,-0.03410461649764329
220,-0.03314656502334401
221,-0.03316585725406185
222,-0.03367291059112176
223,-0.03417901025386527
224,-0.033708462375216186
225,-0.030799458676483482
226,-0.029359114356338978
227,-0.03133621392771602
228,-0.03233405842911452
229,-0.03284223243827
230,-0.036276537692174315
231,-0.039704687835182995
232,-0.0387360600871034
233,-0.03532985335914418
234,-0.032417486247140914
235,-0.03146162925986573
236,-0.03294665756402537
237,-0.03930747281992808
238,-0.03589998057577759
239,-0.03396202443400398
240,-0.036418083822354674
241,-0.03643048676894978
242,-0.03693065786501393
243,-0.0379177299910225
244,-0.03500020905630663
245,-0.0330635083373636
246,-0.03503297461429611
247,-0.031144717650022358
248,-0.03506887663388625
249,-0.03557107946835458
250,-0.03851157223107293
251,-0.03851969790412113
252,-0.038527748081833124
253,-0.033169400005135685
254,-0.03660176956327632
255,-0.036613054282497615
0,-0.03028224257286638
1,-0.027865404321346432
2,-0.025452813308220357
3,-0.027435093943495303
4,-0.029901658999733627
5,-0.026509626593906432
6,-0.016781556711066514
7,-0.010485666047316045
8,-0.008103718340862542
9,-0.019385718856938183
10,-0.036013980163261294
11,-0.04675848898477852
12,-0.05358106590574607
13,-0.056000815879087895
14,-0.05500124825630337
15,-0.05302767310058698
16,-0.05252106115221977
17,-0.057381589082069695
18,-0.06028200581204146
19,-0.0612257870961912
20,-0.06363133864942938
21,-0.06652036606101319
22,-0.06696492084302008
23,-0.06789642793592066
24,-0.06443554582074285
25,-0.06488348735729232
26,-0.06386698852293193
27,-0.062364345765672624
28,-0.06232781556900591
29,-0.062291251437272877
30,-0.0607911113766022
31,-0.05929353868123144
32,-0.05828637903323397
33,-0.06020800082478672
34,-0.060662572912406176
35,-0.06014054699335247
36,-0.06254643830470741
37,-0.06641150149516761
38,-0.06978174962569028
39,-0.06973097048467025
40,-0.06724093336379156
41,-0.06670660164672881
42,-0.06324602768290788
43,-0.06271858385298401
44,-0.05828919669147581
45,-0.05679466779110953
46,-0.058229788031894714
47,-0.055271640070714056
48,-0.056709285359829664
49,-0.05521720286924392
50,-0.05616692022886127
51,-0.05662701517576352
52,-0.05903759389184415
53,-0.05461393320001662
54,-0.05702790670329705
55,-0.055046875844709575
56,-0.05697205587057397
57,-0.058405880292411894
58,-0.05690998100908473
59,-0.057368038105778396
60,-0.0573373437509872
61,-0.05145244236337021
62,-0.052407774957828224
63,-0.05043424281757325
64,-0.04895198281155899
65,-0.04796012490987778
66,-0.047457799955736846
67,-0.04939552955329418
68,-0.050354045641142875
69,-0.05472571321297437
70,-0.05469890381209552
71,-0.05515990330604836
72,-0.053668606793507934
73,-0.05217987339710817
74,-0.048742310726083815
75,-0.05018925009062514
76,-0.04724291316233575
77,-0.04576527565950528
78,-0.04575373203260824
79,-0.04671783198136836
80,-0.051582926826085895
81,-0.049609435722231865
82,-0.04715152288554236
83,-0.04518574720714241
84,-0.04566262848675251
85,-0.04467504803324118
86,-0.04612838837783784
87,-0.04270059982081875
88,-0.04659654333954677
89,-0.044631324999500066
90,-0.0441330682951957
91,-0.04119638865813613
92,-0.03972840087953955
93,-0.04070219467394054
94,-0.04508912825258449
95,-0.047028963279444724
96,-0.043111108883749694
97,-0.042615075886715204
98,-0.04407124646240845
99,-0.045524761953856796
100,-0.0459999295999296
101,-0.04598633316345513
102,-0.04499699320876971
103,-0.04498503380455077
104,-0.04448517714627087
105,-0.04398613754892722
106,-0.03617020096862689
107,-0.03422225610120222
108,-0.03471695346524939
109,-0.03472287015756592
110,-0.03375302633503452
111,-0.03619978413917124
112,-0.036690750159323215
113,-0.034741548530291766
114,-0.033771448011975735
115,-0.03768149251118302
116,-0.034754668828099966
117,-0.03427222487516701
118,-0.03720551641890779
119,-0.041597083618398756
120,-0.04110231180675328
121,-0.04060835356358439
122,-0.03865166561445221
123,-0.03864978102501482
124,-0.03669644828187302
125,-0.039137154119089246
126,-0.042549159727059305
127,-0.04351580183720216
128,-0.045944201527163386
129,-0.04544113151496276
130,-0.045426730532199144
131,-0.0439487406401895
132,-0.04442469571949914
133,-0.04441188817145303
134,-0.043911185464821756
135,-0.04145991225959733
136,-0.04145216365577653
137,-0.04437144874827936
138,-0.04582193761598319
139,-0.048733321484178305
140,-0.046760983124841005
141,-0.0486948536708951
142,-0.047698127978947014
143,-0.04670309671200812
144,-0.049612538947258145
145,-0.041296242794487625
146,-0.03494603792205453
147,-0.03202198597136885
148,-0.033005855861119926
149,-0.046671963413245976
150,-0.053971713699866086
151,-0.05686778941890225
152,-0.060246480570640415
153,-0.0606919921701774
154,-0.057721683755517006
155,-0.05768364353571087
156,-0.062036207993514836
157,-0.0644295557285659
158,-0.06681855209171772
159,-0.07261813408695161
160,-0.07548021851107478
161,-0.0837034247815609
162,-0.08654557500267401
163,-0.08840684668393806
164,-0.08050772245042026
165,-0.0726224965765141
166,-0.06767824228154495
167,-0.0676211352692917
168,-0.06268554733833298
169,-0.06312494719168171
170,-0.06697839981643483
171,-0.06838566699298099
172,-0.06686324189649895
173,-0.06729480443755165
174,-0.06918903742916882
175,-0.06620132178068161
176,-0.06809728220105171
177,-0.06950192112708464
178,-0.06504978536395356
179,-0.06402038491796702
180,-0.057138540083542466
181,-0.053683757258113474
182,-0.05316210922319442
183,-0.05361699854256585
184,-0.05309530033264309
185,-0.051598749530967325
186,-0.0496169266407378
187,-0.0500777821871452
188,-0.049562045256607234
189,-0.048071450379211456
190,-0.047071273962501436
191,-0.046560646733269095
192,-0.049465785385109484
193,-0.049926449661143124
194,-0.050386217364575714
195,-0.04938154632691294
196,-0.04886642855126411
197,-0.04786430089734495
198,-0.046376029087696224
199,-0.04196324129588902
200,-0.03707037476124242
201,-0.0385281557100825
202,-0.039495439967140555
203,-0.04192448686808348
204,-0.04337345954263583
205,-0.04286840069107711
206,-0.04626695124898106
207,-0.04624446155503392
208,-0.048661176406312734
209,-0.04717074293876067
210,-0.04665857629152015
211,-0.04663509293459356
212,-0.04856296791695058
213,-0.0490238003549166
214,-0.05094727978575975
215,-0.05042802565731108
216,-0.0508853088831529
217,-0.05231739493319765
218,-0.05423470324603841
219,-0.05419713101582602
220,-0.0565987778827548
221,-0.053141900221817195
222,-0.04920322896214202
223,-0.045271473296452314
224,-0.04378586489474401
225,-0.043766368296928704
226,-0.04130759875988588
227,-0.04178021557163447
228,-0.041276231699157506
229,-0.04272446798859164
230,-0.04758499807212502
231,-0.04902188997948542
232,-0.04704122000839561
233,-0.049454620748292655
234,-0.04698518250370398
235,-0.04793498752405867
236,-0.04644379275850952
237,-0.045443019771482795
238,-0.04737103736260906
239,-0.04880770901218057
240,-0.04829036263981834
241,-0.04679816326824948
242,-0.04286930168746039
243,-0.046752909431234
244,-0.050141700136009604
245,-0.05059730901848525
246,-0.051052029128186405
247,-0.04955447098473087
248,-0.04562025557970628
249,-0.045107886486221105
250,-0.04557205125456676
251,-0.04554747213842347
252,-0.0440593219245784
253,-0.04696437262464315
254,-0.04791280080098659
255,-0.05032301181927323
0,-0.04931393108563498
1,-0.0473308686632663
2,-0.04876618570415303
3,-0.04775963939027861
4,-0.04821834748145193
5,-0.048188317101448774
6,-0.04962180694565177
7,-0.04763773997547105
8,-0.04565712058683857
9,-0.04660703131230548
10,-0.04365240113111213
11,-0.044117881276179105
12,-0.04116753191919997
13,-0.037246661144308746
14,-0.03382054081885144
15,-0.0323518406949006
16,-0.03381278266897425
17,-0.029904753784649074
18,-0.02795500704087317
19,-0.028447915974538773
20,-0.029427752131596208
21,-0.03284503996837884
22,-0.03479266550857574
23,-0.03429754020180553
24,-0.03575463010929525
25,-0.038184771314263344
26,-0.03963484242558479
27,-0.044009361299686134
28,-0.041546177701093256
29,-0.040550844569224864
30,-0.04053290991578251
31,-0.04051494284067303
32,-0.04391187697183341
33,-0.04486347216879949
34,-0.04776469711214304
35,-0.04529437207384035
36,-0.04526759951841086
37,-0.047192193276714534
38,-0.04716190492035821
39,-0.050058681110385805
40,-0.05148669227492064
41,-0.05144854378886521
42,-0.052873924432788044
43,-0.05478453834075481
44,-0.05327674007276073
45,-0.05518646800192073
46,-0.05270208965521306
47,-0.051197734486777335
48,-0.05018381692934781
49,-0.05356224859133363
50,-0.05303181626368314
51,-0.05542932765092701
52,-0.053431866166647524
53,-0.053877104830462486
54,-0.05724855320295319
55,-0.055247601645532995
56,-0.0537379632005468
57,-0.051743072632234544
58,-0.05267872801050544
59,-0.05117340089054778
60,-0.05210990353953093
61,-0.05206896591698751
62,-0.04324676241958514
63,-0.036879392922855914
64,-0.04857363103656098
65,-0.05439285730244592
66,-0.06361659854883328
67,-0.0620912152226083
68,-0.06495907017961144
69,-0.05952832195907831
70,-0.060936988156754524
71,-0.06331875215983018
72,-0.06569618714274839
73,-0.06806929688900709
74,-0.07287732337135822
75,-0.0762131551746279
76,-0.07856724818702787
77,-0.0823805799591355
78,-0.08228423033142462
79,-0.08511500689201057
80,-0.08989201328950003
81,-0.08587913948576897
82,-0.08333679771749303
83,-0.08079883840400726
84,-0.08021664805710316
85,-0.08353814529255033
86,-0.08295083226403221
87,-0.07943734573200345
88,-0.07690566719975322
89,-0.07340266724349931
90,-0.0699057710589841
91,-0.06885421130573377
92,-0.06731656228657812
93,-0.06773292750585824
94,-0.06668490346055478
95,-0.06417509255697951
96,-0.05923039838671684
97,-0.0620999516104348
98,-0.06350076879607514
99,-0.06294760829769075
100,-0.06093178759329021
101,-0.06038299261126667
102,-0.06178646709304303
103,-0.0651387419202365
104,-0.06360648636473343
105,-0.06012546026613563
106,-0.06006545323180035
107,-0.05659052467672154
108,-0.056536609830800444
109,-0.05745839641895145
110,-0.05252428475068882
111,-0.05540441191988066
112,-0.0592550330911763
113,-0.060659485461656004
114,-0.06401273881783709
115,-0.06053007091395557
116,-0.061931966862175614
117,-0.06723405641969293
118,-0.06667245458811522
119,-0.06708743970375508
120,-0.06798942963359877
121,-0.0649869300541468
122,-0.06101396371377632
123,-0.058023650490213186
124,-0.057477792899589986
125,-0.05546927102841437
126,-0.05639131320640445
127,-0.05828732409281656
128,-0.05530140100745484
129,-0.05134499684209004
130,-0.04837123164907098
131,-0.04540267016272992
132,-0.04878132633166388
133,-0.05117821105523035
134,-0.04918013117276132
135,-0.05206399678718299
136,-0.05152772687142715
137,-0.052455870318226516
138,-0.05484582559438422
139,-0.053816517698578537
140,-0.05571603775024414
141,-0.057612097181845456
142,-0.05462622328195721
143,-0.053109107189811766
144,-0.049155363405589014
145,-0.04911134240683168
146,-0.04662808432476595
147,-0.04707624699221924
148,-0.046059997053816915
149,-0.04455763095756993
150,-0.04696064273593947
151,-0.048383618355728686
152,-0.04882829578127712
153,-0.05122349690645933
154,-0.05117512634024024
155,-0.05112676077987999
156,-0.04766346741234884
157,-0.04713333334075287
158,-0.045140523521695286
159,-0.04315118060912937
160,-0.04165314935380593
161,-0.043084797624032944
162,-0.043050293112173676
163,-0.044479324598796666
164,-0.04590574838221073
165,-0.04732956684892997
166,-0.051190020400099456
167,-0.05162860552081838
168,-0.05109063524287194
169,-0.050065691815689206
170,-0.04611540387850255
171,-0.0450991423567757
172,-0.046523851866368204
173,-0.04843380581587553
174,-0.047901054087560624
175,-0.045905630046036094
176,-0.04927999945357442
177,-0.04630628152517602
178,-0.0472405509208329
179,-0.04573384876130149
180,-0.04471759748412296
181,-0.04955725051695481
182,-0.051948994456324726
183,-0.05238501919666305
184,-0.050868796883150935
185,-0.048379491083323956
186,-0.04833376663736999
187,-0.04780019947793335
188,-0.04434041859349236
189,-0.0462530343211256
190,-0.045235095312818885
191,-0.044218892289791256
192,-0.04320442385505885
193,-0.04170384077588096
194,-0.04069370368961245
195,-0.04066099121700972
196,-0.04160396760562435
197,-0.041569508728571236
198,-0.041535045427735895
199,-0.04686690092785284
200,-0.04828643467044458
201,-0.04628843878163025
202,-0.04478176491102204
203,-0.042789847881067544
204,-0.04372848535422236
205,-0.0456410824554041
206,-0.045598821132443845
207,-0.04262947727693245
208,-0.04210457636509091
209,-0.041580540768336505
210,-0.04398445546394214
211,-0.046871879836544394
212,-0.0473148655728437
213,-0.047269142407458276
214,-0.04624773055547848
215,-0.045228059228975326
216,-0.04421012697275728
217,-0.04416962724644691
218,-0.041202044405508786
219,-0.03921536076813936
220,-0.038695685332641006
221,-0.03817687148693949
222,-0.04058600397547707
223,-0.03957586159231141
224,-0.03710390767082572
225,-0.04000260750763118
226,-0.04289609723491594
227,-0.044808686536271125
228,-0.04622996156103909
229,-0.04618509724969044
230,-0.05004301998997107
231,-0.04999123344896361
232,-0.04847591673023999
233,-0.04842675704276189
234,-0.05130469333380461
235,-0.05027465813327581
236,-0.04680713464040309
237,-0.04724847443867475
238,-0.04622541321441531
239,-0.046179790573660284
240,-0.047109871346037835
241,-0.04706253099720925
242,-0.044088114926125854
243,-0.04160675790626556
244,-0.044983912084717304
245,-0.049330693669617176
246,-0.054645374650135636
247,-0.041900172480382025
248,-0.04625219921581447
249,-0.05010857782326639
250,-0.05932435335125774
251,-0.04461914091371
252,-0.04262400494189933
253,-0.054779923579189926
254,-0.048863812058698386
255,-0.04149458499159664
0,-0.04438317596213892
1,-0.04921795800328255
2,-0.03453017526771873
3,-0.03645523439627141
4,-0.04910946433665231
5,-0.06320469098864123
6,-0.07190846739104018
7,-0.085962999262847
8,-0.09023548912955448
9,-0.09889087866758928
10,-0.10948213352821767
11,-0.10346759296953678
12,-0.0984392631216906
13,-0.1007374195032753
14,-0.10742196423234418
15,-0.1131187753053382
16,-0.11392681673169136
17,-0.11619678616989404
18,-0.11651115136919543
19,-0.1168247742461972
20,-0.1220161312376149
21,-0.1198803645092994
22,-0.12750515184598044
23,-0.1268227906548418
24,-0.13931332505308092
25,-0.13080401613842696
26,-0.12718808505451307
27,-0.12650545872747898
28,-0.12484814954223111
29,-0.12758421379840001
30,-0.12982737086713314
31,-0.13304203504230827
32,-0.13186015310930088
33,-0.12970446608960629
34,-0.12755240185651928
35,-0.13418521312996745
36,-0.1408060357789509
37,-0.14546348981093615
38,-0.14279473072383553
39,-0.14110617974074557
40,-0.132102690578904
41,-0.13140838767867535
42,-0.13510573789244518
43,-0.13245429145172238
44,-0.12883164844242856
45,-0.12277599627850577
46,-0.11819444497814402
47,-0.1150843845680356
48,-0.11393105477327481
49,-0.1088768121553585
50,-0.1062706095399335
51,-0.09635115310084075
52,-0.08888839476276189
53,-0.08095089922426268
54,-0.07546660711523145
55,-0.07633395196171477
56,-0.07622394082136452
57,-0.07269907195586711
58,-0.0652775660273619
59,-0.05835698207374662
60,-0.0558392220409587
61,-0.04795952094718814
62,-0.04204512533033267
63,-0.036629012145567685
64,-0.03317384823458269
65,-0.03167615697020665
66,-0.032132465101312846
67,-0.028685131925158203
68,-0.031098045117687434
69,-0.027164606435690075
70,-0.027628737094346434
71,-0.03004339028848335
72,-0.02757523296168074
73,-0.025599262036848813
74,-0.02606599690625444
75,-0.027507557009812444
76,-0.024068038386758417
77,-0.027464454877190292
78,-0.02353708364535123
79,-0.02205588686047122
80,-0.019601589534431696
81,-0.0205665523535572
82,-0.02152976905927062
83,-0.022003394144121557
84,-0.020524753083009273
85,-0.02490287582622841
86,-0.02439471014076844
87,-0.02437525539426133
88,-0.025331492128316313
89,-0.023358905396889895
90,-0.022853326925542206
91,-0.024300000281073153
92,-0.024280523997731507
93,-0.02426104381447658
94,-0.025705102714709938
95,-0.02031669090501964
96,-0.018840594973880798
97,-0.021269870921969414
98,-0.02271910454146564
99,-0.019287253729999065
100,-0.021715636423323303
101,-0.021212587831541896
102,-0.019246856041718274
103,-0.017772431834600866
104,-0.019227682962082326
105,-0.020680319576058537
106,-0.022618192073423415
107,-0.02308904513483867
108,-0.027949653915129602
109,-0.02694741729646921
110,-0.0259469177108258
111,-0.026899543707259
112,-0.028338283416815102
113,-0.02831088111270219
114,-0.025356397265568376
115,-0.027285594842396677
116,-0.024820695747621357
117,-0.02138443914009258
118,-0.01990564027801156
119,-0.01989297819091007
120,-0.013538289000280201
121,-0.01158548949752003
122,-0.010611834295559675
123,-0.014030519116204232
124,-0.011588940978981555
125,-0.012078765139449388
126,-0.013055548013653606
127,-0.010127795278094709
128,-0.011108005710411817
129,-0.010135067685041577
130,-0.014530164538882673
131,-0.014526806480716914
132,-0.016474821604788303
133,-0.014516571653075516
134,-0.017928098561242223
135,-0.01304013148183003
136,-0.01255145063623786
137,-0.010112227348145097
138,-0.009140861919149756
139,-0.008659054292365909
140,-0.009641631215345114
141,-0.0076953627285547554
142,-0.011118861206341535
143,-0.009657787624746561
144,-0.008687140827532858
145,-0.013084526755847037
146,-0.015034846495836973
147,-0.010639661049935967
148,-0.0101550433319062
149,-0.009671270090620965
150,-0.009188340336550027
151,-0.010657644073944539
152,-0.009685084107331932
153,-0.008714235795196146
154,-0.00823294511064887
155,-0.008240343420766294
156,-0.005808477755635977
157,-0.0072837016195990145
158,-0.006317056366242468
159,-0.00681566062849015
160,-0.004874130536336452
161,-0.003911735606379807
162,-0.0034388905623927712
163,-0.004430422617588192
164,-0.0029809491243213415
165,-0.001046197023242712
166,-0.0005784212844446301
167,-0.00011147523764520884
168,-0.002084595733322203
169,-0.00259066722355783
170,0.0008069448522292078
171,0.0007835899596102536
172,0.002711665234528482
173,0.0031727704918012023
174,0.0036330518196336925
175,0.003116814885288477
176,0.005528575391508639
177,0.012326672847848386
178,0.02057622285792604
179,0.02051768422825262
180,0.009238722966983914
181,-0.0029959212988615036
182,-0.012281752133276314
183,-0.013257667073048651
184,-0.018622456642333418
185,-0.014220739540178329
186,-0.010802510951180011
187,-0.016171590541489422
188,-0.016164788394235075
189,-0.018597210408188403
190,-0.01956174155930057
191,-0.014670358505100012
192,-0.01466611260548234
193,-0.010759070923086256
194,-0.007346796570345759
195,-0.00540411239489913
196,-0.00736764952307567
197,-0.005912755616009235
198,-0.0054361309157684445
199,-0.005936038796789944
200,-0.006435049814172089
201,-0.010835945140570402
202,-0.010350533528253436
203,-0.011329510132782161
204,-0.011818883125670254
205,-0.01230736868456006
206,-0.012307119439356029
207,-0.009379766182973981
208,-0.00938468100503087
209,-0.008901725173927844
210,-0.011834545177407563
211,-0.008907968527637422
212,-0.008913659257814288
213,-0.010870716301724315
214,-0.011360738892108202
215,-0.006971397204324603
216,-0.005029076128266752
217,-0.0021145010832697153
218,0.00030705530662089586
219,0.0022364635951817036
220,0.004650290473364294
221,0.002181348158046603
222,0.0021560238674283028
223,-0.0012841916177421808
224,-0.0032547538867220283
225,-0.005221812520176172
226,-0.004746132297441363
227,-0.004759136587381363
228,-0.00525995809584856
229,-0.004296338884159923
230,-0.004310119315050542
231,-0.004811716149561107
232,-0.00726380490232259
233,-0.010687223286367953
234,-0.014104546746239066
235,-0.008734523435123265
236,-0.009716039756312966
237,-0.007768712472170591
238,-0.004849135875701904
239,-0.0038861252833157778
240,-0.0024369711754843593
241,0.004375937161967158
242,0.0009319428354501724
243,0.006763165700249374
244,0.005754158250056207
245,-0.0006193898152559996
246,-0.0011274493299424648
247,0.0008046324364840984
248,-0.00019380263984203339
249,-0.005093245301395655
250,0.002212208812125027
251,-0.0007401113398373127
252,-0.004662883235141635
253,-0.013457157998345792
254,-0.0115031503373757
255,-0.012479679309763014
0,-0.014917997643351555
1,-0.01393702975474298
2,-0.01149423886090517
3,-0.014422090607695282
4,-0.0163690255722031
5,-0.013921849778853357
6,-0.0036734361201524734
7,-0.005151555174961686
8,-0.008090584073215723
9,-0.012487924424931407
10,-0.014438199577853084
11,-0.016384989023208618
12,-0.014913362800143659
13,-0.015395716531202197
14,-0.014413646538741887
15,-0.011969754938036203
16,-0.009042335906997323
17,-0.00807149091269821
18,-0.01198083278723061
19,-0.012468281085602939
20,-0.010515606729313731
21,-0.004175754263997078
22,-0.009067646926268935
23,-0.016390076372772455
24,-0.021748088533058763
25,-0.023681619903072715
26,-0.029026613454334438
27,-0.02899574756156653
28,-0.028477043146267533
29,-0.02747136738616973
30,-0.025003890972584486
31,-0.02107721322681755
32,-0.02203595044557005
33,-0.02396864560432732
34,-0.025410023285076022
35,-0.026848801993764937
36,-0.024870050488971174
37,-0.01947984006255865
38,-0.013611322036013007
39,-0.01994939160067588
40,-0.02676402369979769
41,-0.036005751229822636
42,-0.037913299282081425
43,-0.03445107699371874
44,-0.03831266157794744
45,-0.032898224773816764
46,-0.035298911039717495
47,-0.03135326073970646
48,-0.030341651872731745
49,-0.03128318162634969
50,-0.026856667012907565
51,-0.02390151214785874
52,-0.02290295681450516
53,-0.024345376412384212
54,-0.023833805695176125
55,-0.02381095348391682
56,-0.02378810429945588
57,-0.027180190780200064
58,-0.030566211906261742
59,-0.029555544257164
60,-0.03147370961960405
61,-0.03387626726180315
62,-0.03383526764810085
63,-0.029891506652347744
64,-0.016197749529965222
65,-0.013748775119893253
66,-0.02398816414643079
67,-0.029818706563673913
68,-0.02685759263113141
69,-0.01951106614433229
70,-0.019495266722515225
71,-0.029236415750347078
72,-0.03505744191352278
73,-0.040868077194318175
74,-0.03349644609261304
75,-0.026625698897987604
76,-0.026109127094969153
77,-0.030959754716604948
78,-0.027996159624308348
79,-0.028940562973730266
80,-0.027931853430345654
81,-0.02204641525167972
82,-0.019586325041018426
83,-0.014691333984956145
84,-0.01858626795001328
85,-0.01710793294478208
86,-0.02392560464795679
87,-0.03268252336420119
88,-0.04044814733788371
89,-0.04137005272787064
90,-0.0422902557766065
91,-0.0422330629080534
92,-0.04168805747758597
93,-0.037241173326037824
94,-0.036704906495288014
95,-0.035681686364114285
96,-0.03466022666543722
97,-0.029737745062448084
98,-0.022872566943988204
99,-0.019434474990703166
100,-0.028198646032251418
101,-0.035971516044810414
102,-0.03738850983791053
103,-0.0314852143637836
104,-0.028031589463353157
105,-0.028974680113606155
106,-0.032355288276448846
107,-0.03377845278009772
108,-0.037638274719938636
109,-0.039051946136169136
110,-0.04046304547227919
111,-0.04382296558469534
112,-0.037419899832457304
113,-0.03493092383723706
114,-0.033909855294041336
115,-0.034841936198063195
116,-0.0391872402979061
117,-0.03620705334469676
118,-0.035671338555403054
119,-0.0278188050724566
120,-0.025346493814140558
121,-0.023854227038100362
122,-0.022852420224808156
123,-0.01892527041491121
124,-0.02085923438426107
125,-0.01839910331182182
126,-0.019358244724571705
127,-0.018852109322324395
128,-0.017858995590358973
129,-0.017843312118202448
130,-0.02465749392285943
131,-0.030483843060210347
132,-0.02800638962071389
133,-0.029436072218231857
134,-0.027936083497479558
135,-0.02448732452467084
136,-0.02348388754762709
137,-0.02882421389222145
138,-0.03317931713536382
139,-0.032648160005919635
140,-0.027239418122917414
141,-0.025255170068703592
142,-0.021810862701386213
143,-0.0222754169953987
144,-0.02371480641886592
145,-0.023688059533014894
146,-0.02951549389399588
147,-0.03874746756628156
148,-0.04259666462894529
149,-0.04643895989283919
150,-0.044908036245033145
151,-0.04581899766344577
152,-0.043313336675055325
153,-0.04422698845155537
154,-0.04318755865097046
155,-0.04556483856867999
156,-0.04452289280015975
157,-0.04055564117152244
158,-0.039034607470966876
159,-0.037028365302830935
160,-0.039904102333821356
161,-0.0442382131004706
162,-0.048564558499492705
163,-0.03483278548810631
164,-0.026003814535215497
165,-0.02402034541592002
166,-0.02838237793184817
167,-0.029809535364620388
168,-0.03220980672631413
169,-0.030215137638151646
170,-0.04188369389157742
171,-0.03157832543365657
172,-0.043244345230050385
173,-0.06318299169652164
174,-0.06893855636008084
175,-0.06590253650210798
176,-0.06531104096211493
177,-0.070574663230218
178,-0.08119515143334866
179,-0.09033311135135591
180,-0.08920990419574082
181,-0.08711285563185811
182,-0.10502114298287779
183,-0.10484710708260536
184,-0.09735550067853183
185,-0.09817045123782009
186,-0.10093519010115415
187,-0.10467055544722825
188,-0.1132775986334309
189,-0.11064868641551584
190,-0.10656072455458343
191,-0.10296770033892244
192,-0.09986874065361917
193,-0.09287234512157738
194,-0.10588997532613575
195,-0.10912737378384918
196,-0.10113835730589926
197,-0.10096892679575831
198,-0.09982394287362695
199,-0.09429020597599447
200,-0.09218107862398028
201,-0.09007555071730167
202,-0.08943716157227755
203,-0.0956296301446855
204,-0.09449323953595012
205,-0.0899437841726467
206,-0.08491441735532135
207,-0.07843030290678144
208,-0.07683605398051441
209,-0.07719590398482978
210,-0.07560360338538885
211,-0.07889248582068831
212,-0.07241845258977264
213,-0.059613781864754856
214,-0.05610085651278496
215,-0.05259407951962203
216,-0.058362550218589604
217,-0.05387588695157319
218,-0.05086064792703837
219,-0.0517534629907459
220,-0.047766135074198246
221,-0.040370878647081554
222,-0.028598061064258218
223,-0.020748882205225527
224,-0.013401455245912075
225,-0.013384765945374966
226,-0.01141669531352818
227,-0.015306271729059517
228,-0.013822594657540321
229,-0.013805072638206184
230,-0.016226797946728766
231,-0.01718065480235964
232,-0.01910848612897098
233,-0.02005716902203858
234,-0.021004135604016483
235,-0.019022302702069283
236,-0.01899534836411476
237,-0.01994410715997219
238,-0.018939759815111756
239,-0.01647362287621945
240,-0.01547538151498884
241,-0.014478888246230781
242,-0.01445983606390655
243,-0.013952947920188308
244,-0.016374022932723165
245,-0.015863687847740948
246,-0.015354234026744962
247,-0.02021198347210884
248,-0.020182600244879723
249,-0.025519560440443456
250,-0.02304144320078194
251,-0.02349477494135499
252,-0.025410807109437883
253,-0.028299092780798674
254,-0.03118220472242683
255,-0.029181673075072467
0,-0.029136037570424378
1,-0.028602589038200676
2,-0.0334363664733246
3,-0.0275288614211604
4,-0.02407103998120874
5,-0.024034252972342074
6,-0.01960686536040157
7,-0.014699460472911596
8,-0.01565491606015712
9,-0.023438517120666802
10,-0.004376643802970648
11,0.003918743575923145
12,0.005369529942981899
13,-0.00586630473844707
14,-0.02244850352872163
15,-0.04339185205753893
16,-0.03502709174063057
17,-0.05009381100535393
18,-0.05049827275797725
19,-0.04748700314667076
20,-0.045456700725480914
21,-0.041966388118453324
22,-0.04336068301927298
23,-0.04572812817059457
24,-0.048091297736391425
25,-0.04947450035251677
26,-0.06207566277589649
27,-0.06977587717119604
28,-0.05697271123062819
29,-0.05102205416187644
30,-0.0563023763243109
31,-0.057670453330501914
32,-0.060499553102999926
33,-0.06088429572992027
34,-0.052974850637838244
35,-0.05581201193854213
36,-0.051326334243640304
37,-0.04197006416507065
38,-0.039948054240085185
39,-0.042808046913705766
40,-0.04566289368085563
41,-0.044121971470303833
42,-0.04746219119988382
43,-0.048357167397625744
44,-0.04388415429275483
45,-0.03258914896287024
46,-0.028631859924644232
47,-0.02468155266251415
48,-0.017811134574003518
49,-0.016807058244012296
50,-0.004096396849490702
51,0.008103855303488672
52,0.004671309725381434
53,-0.006072861724533141
54,-0.007528843241743743
55,-0.013860702980309725
56,-0.012375737074762583
57,-0.018698949716053903
58,-0.019644581829197705
59,-0.021076351637020707
60,-0.017627070075832307
61,-0.022965141688473523
62,-0.02146383246872574
63,-0.022404393297620118
64,-0.01651338255032897
65,-0.01258419593796134
66,-0.008661966072395444
67,-0.0018196010496467352
68,0.0030592273687943816
69,-0.007193886209279299
70,-0.017428783467039466
71,-0.024230547714978456
72,-0.031995891593396664
73,-0.028039054945111275
74,-0.016283639008179307
75,-0.0069883078103885055
76,-0.004051488125696778
77,-0.003559114527888596
78,-0.004531152313575149
79,-0.007452847436070442
80,-0.013784275855869055
81,-0.013274574652314186
82,-0.009838672471232712
83,-0.008360245148651302
84,-0.01322644844185561
85,-0.01174197206273675
86,-0.018553521600551903
87,-0.016083843540400267
88,-0.002885878551751375
89,-0.003858922398649156
90,-0.012147946283221245
91,-0.030179184512235224
92,-0.02573737094644457
93,-0.01349784282501787
94,-0.011036976240575314
95,-0.019313108641654253
96,-0.0339165338082239
97,-0.04020056780427694
98,-0.04110705654602498
99,-0.04298756644129753
100,-0.0477917545940727
101,-0.042342538479715586
102,-0.04275710147339851
103,-0.044146555941551924
104,-0.04455777839757502
105,-0.04399250552523881
106,-0.05416081286966801
107,-0.06870160868857056
108,-0.061263336916454136
109,-0.0587166512850672
110,-0.050320223555900156
111,-0.036572301760315895
112,-0.044801873387768865
113,-0.03301501157693565
114,-0.031005976954475045
115,-0.03875741257797927
116,-0.03771376714576036
117,-0.038135457900352776
118,-0.04294696811120957
119,-0.053116189781576395
120,-0.058876643772237
121,-0.05535767297260463
122,-0.04696638695895672
123,-0.03615068818908185
124,-0.040477411122992635
125,-0.03552728390786797
126,-0.02375602361280471
127,-0.02029903559014201
128,-0.02367801929358393
129,-0.024611728149466217
130,-0.01773817907087505
131,-0.01429173955693841
132,-0.021096195676364005
133,-0.015204500057734549
134,-0.0015176802407950163
135,0.012144839856773615
136,0.02139245404396206
137,0.035014242865145206
138,0.0432454664260149
139,0.03682657959870994
140,0.027004098752513528
141,0.01963825337588787
142,0.017651779344305396
143,0.019571584416553378
144,0.02295149303972721
145,0.02583751652855426
146,0.018961423193104565
147,0.002340557868592441
148,-0.00010322046000510454
149,0.00233581627253443
150,0.011600384721532464
151,0.01694570411927998
152,0.02423289616126567
153,0.023701549973338842
154,0.01536554901394993
155,0.016313427942804992
156,0.01384466583840549
157,0.01089241704903543
158,0.00648185086902231
159,0.017202380229718983
160,0.016683352878317237
161,0.01079889782704413
162,-0.007271315203979611
163,-0.0023805961245670915
164,-0.0009134901920333505
165,0.010307963704690337
166,0.014679610962048173
167,0.018067777273245156
168,0.02974330831784755
169,0.03212895768228918
170,0.029631844605319202
171,0.027626965893432498
172,0.017820042790845037
173,0.02022669289726764
174,0.011408544611185789
175,0.002606034860946238
176,-0.009107934776693583
177,-0.010556291905231774
178,-0.004684347077272832
179,0.0006893310928717256
180,-0.0032156365923583508
181,-0.005650123115628958
182,-0.015397991519421339
183,-0.02122574730310589
184,-0.028018816839903593
185,-0.030897000106051564
186,-0.02547661541029811
187,-0.026895680581219494
188,-0.030263574211858213
189,-0.03752822044771165
190,-0.03795004228595644
191,-0.04373737901914865
192,-0.03048831515479833
193,-0.020677660941146314
194,-0.006493765511550009
195,0.011567736510187387
196,0.03203638852573931
197,0.011489450465887785
198,-0.019753669621422887
199,-0.051916979369707406
200,-0.06450919597409666
201,-0.05805289710406214
202,-0.05697429378051311
203,-0.04760410636663437
204,-0.04312895704060793
205,-0.04354016133584082
206,-0.03175437753088772
207,-0.012671756208874285
208,-0.005331339198164642
209,-0.016054307343438268
210,-0.01309847878292203
211,0.0010726165492087603
212,0.003510206355713308
213,0.008382700383663177
214,0.027394109521992505
215,0.026369968778453767
216,0.020469129201956093
217,0.02092075301334262
218,0.007223962224088609
219,-0.01571762387175113
220,-0.018616700661368668
221,-0.0034602404339239
222,0.011669313884340227
223,0.02189351071137935
224,0.014049158664420247
225,0.007682255934923887
226,0.00035095016937702894
227,-0.006479490781202912
228,-0.0006137569434940815
229,0.006705105188302696
230,0.006693248404189944
231,0.00570570700801909
232,0.00618345255497843
233,0.003733254736289382
234,0.0012874013045802712
235,0.007627145037986338
236,0.005662211682647467
237,-0.0031291081104427576
238,-0.008489880012348294
239,-0.004572016652673483
240,-0.0006611022399738431
241,-0.0016356068663299084
242,-0.010413939482532442
243,-0.008931870223022997
244,-0.007940265815705061
245,-0.008901800028979778
246,-0.007910222397185862
247,-0.013262411463074386
248,-0.013238752959296107
249,-0.01516650605481118
250,-0.013188031385652721
251,-0.012676591984927654
252,-0.015580973355099559
253,-0.014089545118622482
254,-0.01699137093964964
255,-0.018424474634230137
0,-0.018391462042927742
1,-0.01494354591704905
2,-0.01686805160716176
3,-0.012934942729771137
4,-0.016326510231010616
5,-0.013370011933147907
6,-0.014321522321552038
7,-0.010392844793386757
8,-0.006958974292501807
9,0.002810828504152596
10,-0.015244031208567321
11,-0.01814353500958532
12,-0.004451044136658311
13,0.018486245535314083
14,0.004794211243279278
15,-0.0074099760968238115
16,-0.012762617086991668
17,0.0014081691624596715
18,-0.0029844155069440603
19,-0.014686909969896078
20,-0.010757480398751795
21,-0.011713486164808273
22,-0.01657055679243058
23,-0.022882519755512476
24,-0.02625615382567048
25,-0.023281737929210067
26,-0.030069518135860562
27,-0.03343026514630765
28,-0.03288221207913011
29,-0.04014064103830606
30,-0.05031320406123996
31,-0.05168636911548674
32,-0.04622714896686375
33,-0.04614387184847146
34,-0.03825510886963457
35,-0.03330737724900246
36,-0.03666178719140589
37,-0.04342511645518243
38,-0.04871282516978681
39,-0.04618550732266158
40,-0.04805323202162981
41,-0.04650263150688261
42,-0.04593040584586561
43,-0.045359123847447336
44,-0.043813089141622186
45,-0.051050986628979445
46,-0.05388532392680645
47,-0.045494049321860075
48,-0.053704419638961554
49,-0.06190012698061764
50,-0.06959333689883351
51,-0.059710264671593904
52,-0.052771731512621045
53,-0.04877252015285194
54,-0.05551297927740961
55,-0.058338601724244654
56,-0.05286570661701262
57,-0.052768768393434584
58,-0.051696223905310035
59,-0.049161959206685424
60,-0.04711996472906321
61,-0.044593673665076494
62,-0.03865686454810202
63,-0.037121163797564805
64,-0.03412458847742528
65,-0.03552390786353499
66,-0.03545714414212853
67,-0.033439052174799144
68,-0.030448795994743705
69,-0.023561020381748676
70,-0.016685437178239226
71,-0.014212663983926177
72,-0.02052551507949829
73,-0.019021563581191003
74,-0.023862270987592638
75,-0.02186447975691408
76,-0.02279728651046753
77,-0.0271433339221403
78,-0.029530231608077884
79,-0.021668045199476182
80,-0.01821041281800717
81,-0.018173824180848897
82,-0.019112966489046812
83,-0.014684087946079671
84,-0.018556458642706275
85,-0.013152820756658912
86,-0.00922229909338057
87,-0.008225827477872372
88,-0.017475910717621446
89,-0.026221694773994386
90,-0.017389396321959794
91,-0.014426923589780927
92,-0.01195753540378064
93,-0.01534668414387852
94,-0.014339162269607186
95,-0.012357712141238153
96,-0.012818998307920992
97,-0.023524243966676295
98,-0.02298995037563145
99,-0.020017331698909402
100,-0.019001349341124296
101,-0.018962836475111544
102,-0.023314989637583494
103,-0.02229305566288531
104,-0.017370120156556368
105,-0.008553117862902582
106,-0.007069470593705773
107,-0.00461275118868798
108,-0.003136082086712122
109,-0.015809609089046717
110,-0.027484913473017514
111,-0.024991864804178476
112,-0.01518548943568021
113,-0.008811434730887413
114,-0.00879070267546922
115,-0.013160621281713247
116,-0.017034912365488708
117,-0.01895090751349926
118,-0.020863470155745745
119,-0.029602470458485186
120,-0.030032498529180884
121,-0.030461715534329414
122,-0.035280750249512494
123,-0.03423700213897973
124,-0.020023168646730483
125,-0.0072980839759111404
126,-0.016060874913819134
127,-0.02236884378362447
128,-0.018420778098516166
129,-0.010089065413922071
130,-0.005187063128687441
131,-0.005172232398763299
132,-0.012962980777956545
133,-0.020252028130926192
134,-0.014356216532178223
135,-0.010910089127719402
136,-0.004542977549135685
137,-0.007944115553982556
138,-0.008899964159354568
139,-0.010829796781763434
140,-0.007877709693275392
141,0.0014111660420894623
142,0.0067807662999257445
143,0.013604364707134664
144,0.005292550660669804
145,-0.0010531229199841619
146,-0.0029968994203954935
147,-0.0029858301859349012
148,-0.005901860655285418
149,0.004359179874882102
150,0.009235670906491578
151,0.011176403611898422
152,0.008723044767975807
153,0.009201113367453218
154,-0.002030022908002138
155,-0.0034842629684135318
156,0.007748121162876487
157,0.015545616624876857
158,0.014547985978424549
159,0.02086981723550707
160,0.01693559205159545
161,0.013008325127884746
162,0.011527249123901129
163,0.019317887839861214
164,0.02660681609995663
165,0.030955674941651523
166,0.03383322025183588
167,0.03036358451936394
168,0.029827146674506366
169,0.032706547412090003
170,0.035580783733166754
171,0.03649847023189068
172,0.03448738413862884
173,0.03540689987130463
174,0.035349031910300255
175,0.029437039862386882
176,0.02743827912490815
177,0.03227288986090571
178,0.03222038981039077
179,0.03216793213505298
180,0.0340669066645205
181,0.038401693920604885
182,0.03394746722187847
183,0.03340387647040188
184,0.0255434843711555
185,0.03282028343528509
186,0.025936530553735793
187,0.028334063128568232
188,0.02926375123206526
189,0.03360667545348406
190,0.035502597340382636
191,0.00470930989831686
192,0.0061686302069574594
193,-0.0006680593360215425
194,-0.003101980430074036
195,-0.0026044895639643073
196,-0.0016200303798541427
197,-0.004540097201243043
198,-0.01379699062090367
199,-0.02352527342736721
200,-0.022503599291667342
201,-0.02343509381171316
202,-0.021437812130898237
203,-0.026761756278574467
204,-0.02963696769438684
205,-0.031531331478618085
206,-0.030007349094375968
207,-0.02751032984815538
208,-0.021602768218144774
209,-0.01863274711649865
210,-0.017131512402556837
211,-0.016608611796982586
212,-0.012671679724007845
213,-0.015083736856468022
214,-0.01261301152408123
215,-0.011610196088440716
216,-0.007194209611043334
217,-0.0008346627000719309
218,-0.002779814414680004
219,0.008450375869870186
220,0.019660612801089883
221,0.016215487266890705
222,0.014727843343280256
223,0.01714559819083661
224,0.023461813456378877
225,0.03123031964059919
226,0.03361865959595889
227,0.03405131562612951
228,0.030580368940718472
229,0.032969707739539444
230,0.04120892274659127
231,0.0440671204123646
232,0.04984725848771632
233,0.0556170551571995
234,0.06820638489443809
235,0.0695527596399188
236,0.05821259715594351
237,0.0459167828084901
238,0.04535106976982206
239,0.040395661257207394
240,0.033985445043072104
241,0.030025794520042837
242,0.030463755363598466
243,0.0328522811178118
244,0.030358037911355495
245,0.0376251267734915
246,0.03121952118817717
247,0.028240172774530947
248,0.019899746752344072
249,0.01840396400075406
250,0.02032574114855379
251,0.03248887276276946
252,0.03877618571277708
253,0.040173798450268805
254,0.0401053229579702
255,0.03954905841965228
0,0.03948156675323844
1,0.03648704686202109
2,0.03544917667750269
3,0.028071075095795095
4,0.022169571835547686
5,0.02164483559317887
6,0.022096692235209048
7,0.018157082959078252
8,0.018127220799215138
9,0.017609535832889378
10,0.020507674547843635
11,0.018034312408417463
12,0.015565312816761434
13,0.013100673095323145
14,0.014055321225896478
15,0.009641929529607296
16,0.010114833828993142
17,0.012050425633788109
18,0.01056762842927128
19,0.013478075852617621
20,0.011017010314390063
21,0.009535992867313325
22,0.009033284964971244
23,0.01340993121266365
24,0.0026555106742307544
25,0.013385473634116352
26,0.011412327410653234
27,-0.0008021326502785087
28,-0.0037257997319102287
29,0.0021369861206039786
30,0.010916444472968578
31,0.011386888450942934
32,0.007953698397614062
33,0.0006238110363483429
34,-0.004741671960800886
35,-0.010097621008753777
36,-0.006174940266646445
37,-0.00860123336315155
38,-0.006632576463744044
39,-0.011497270432300866
40,-0.014889766229316592
41,-0.019251909805461764
42,-0.02555766818113625
43,-0.023558781016618013
44,-0.023514795931987464
45,-0.016153138712979853
46,-0.013195154839195311
47,-0.012681640218943357
48,-0.011681169620715082
49,-0.01214599993545562
50,-0.01114644284825772
51,-0.009172947728075087
52,-0.010130027658306062
53,-0.0052312216721475124
54,-0.007170971250161529
55,-0.004716637195087969
56,-0.0017788060940802097
57,-0.005188206909224391
58,0.00214110070373863
59,-0.0032266456400975585
60,-0.008584855939261615
61,-0.008079368039034307
62,-0.004647679510526359
63,-0.0036613147240132093
64,0.00025039014872163534
65,0.005618691444396973
66,0.002684043487533927
67,0.0026816875906661153
68,0.008045654627494514
69,0.0041309811640530825
70,-0.0002645954955369234
71,0.008519517024978995
72,0.019239409710280597
73,0.00506001221947372
74,-0.007630674401298165
75,-0.01249325426761061
76,-0.018322876072488725
77,-0.01780009944923222
78,-0.018253917805850506
79,-0.022121834917925298
80,-0.015250202734023333
81,-0.01326922292355448
82,-0.020072996034286916
83,-0.01954694336745888
84,-0.020973184029571712
85,-0.024836096679791808
86,-0.01893516059499234
87,-0.01548390940297395
88,-0.0091116763651371
89,-0.010068456525914371
90,-0.010047827614471316
91,-0.006124438135884702
92,-0.008062176522798836
93,-0.010484308935701847
94,-0.027049703407101333
95,-0.02504743484314531
96,-0.01231603545602411
97,-0.004485697252675891
98,0.004794286680407822
99,0.004300834960304201
100,-0.005460851243697107
101,-0.00008192169480025768
102,-0.0044694943353533745
103,-0.01519128738436848
104,-0.01906415354460478
105,-0.007806838257238269
106,0.0014791109133511782
107,-0.009741028072312474
108,-0.018014144035987556
109,-0.016027742996811867
110,-0.02672888047527522
111,-0.030581109109334648
112,-0.021742413053289056
113,-0.023652022471651435
114,-0.028485289425589144
115,-0.03916410042438656
116,-0.042506174999289215
117,-0.03901238227263093
118,-0.038939664722420275
119,-0.03837916674092412
120,-0.04757655516732484
121,-0.05236690922174603
122,-0.05373374233022332
123,-0.049243892543017864
124,-0.04622547992039472
125,-0.04760298156179488
126,-0.04897796222940087
127,-0.049374729045666754
128,-0.04440439003519714
129,-0.057981013669632375
130,-0.05982509802561253
131,-0.05434809974394739
132,-0.046441502403467894
133,-0.04781797470059246
134,-0.04528914648108184
135,-0.036910566268488765
136,-0.035376669955439866
137,-0.036772527382709086
138,-0.04158078075852245
139,-0.04442904086317867
140,-0.04336939309723675
141,-0.03596953977830708
142,-0.03687617718242109
143,-0.03241482353769243
144,-0.02942488226108253
145,-0.026440204121172428
146,-0.022972935694269836
147,-0.023902415297925472
148,-0.021903121611103415
149,-0.02868859947193414
150,-0.040828307159245014
151,-0.0402623584959656
152,-0.031891790218651295
153,-0.028414509841240942
154,-0.018601339892484248
155,-0.015147583093494177
156,-0.018529800814576447
157,-0.006294861901551485
158,-0.0092049113009125
159,-0.011621931800618768
160,-0.016961727640591562
161,-0.019364930223673582
162,-0.02030029217712581
163,-0.012452705297619104
164,-0.012912441161461174
165,-0.012883492861874402
166,-0.0191965940175578
167,-0.020132132223807275
168,-0.0049670079024508595
169,0.0038291795644909143
170,0.01114619942381978
171,0.011620344710536301
172,0.003800220205448568
173,-0.004006024799309671
174,-0.007895622286014259
175,-0.006899825413711369
176,-0.0102964136749506
177,-0.011735565029084682
178,-0.005854428629390895
179,-0.007789286435581744
180,-0.004842220922000706
181,-0.009218093706294894
182,-0.017001115600578487
183,-0.01989181526005268
184,-0.023753046756610274
185,-0.01882612775079906
186,-0.017810707911849022
187,-0.01582136785145849
188,-0.012371992343105376
189,-0.012343654409050941
190,-0.01085180533118546
191,-0.01619245356414467
192,-0.020060050766915083
193,-0.017578730825334787
194,-0.017541026463732123
195,-0.019454751862213016
196,-0.024292133981361985
197,-0.027657345752231777
198,-0.026625910541042686
199,-0.026571959955617785
200,-0.0270059104077518
201,-0.02451196254696697
202,-0.02836442261468619
203,-0.03416138747707009
204,-0.03311813995242119
205,-0.03354023501742631
206,-0.03103444178123027
207,-0.03048443957231939
208,-0.03481384110637009
209,-0.03767195774707943
210,-0.03320722677744925
211,-0.029726066044531763
212,-0.031129514798521996
213,-0.031066879630088806
214,-0.03002861177083105
215,-0.031431377632543445
216,-0.02990451769437641
217,-0.02935601689387113
218,-0.030759833520278335
219,-0.03703958506230265
220,-0.03794180427212268
221,-0.03591527650132775
222,-0.031940899905748665
223,-0.03187631000764668
224,-0.03571456507779658
225,-0.040033796220086515
226,-0.03751542908139527
227,-0.0389042547903955
228,-0.039314857800491154
229,-0.03533404169138521
230,-0.03282378031872213
231,-0.0342207052744925
232,-0.040981418802402914
233,-0.04090019722934812
234,-0.039843360777013004
235,-0.04122757527511567
236,-0.03626724856439978
237,-0.036194147425703704
238,-0.036121119279414415
239,-0.02677905943710357
240,-0.02086847834289074
241,-0.021310376934707165
242,-0.021263609756715596
243,-0.023168282117694616
244,-0.02165460353717208
245,-0.020143577945418656
246,-0.018635203246958554
247,-0.01859302050434053
248,-0.02001442585606128
249,-0.01850619027391076
250,-0.021391231566667557
251,-0.018904793309047818
252,-0.017886282643303275
253,-0.018820942379534245
254,-0.015851132571697235
255,-0.014350113226100802
0,-0.01675451674964279
1,-0.017203234834596515
2,-0.017651128699071705
3,-0.016146809211932123
4,-0.010742354905232787
5,-0.00778671691659838
6,-0.008251248043961823
7,-0.013593416661024094
8,-0.010632670018821955
9,-0.007189315743744373
10,-0.010094082681462169
11,-0.008603047928772867
12,-0.005651104147545993
13,-0.002216545515693724
14,-0.005617947201244533
15,-0.009501148480921984
16,-0.014353135018609464
17,-0.015293703065253794
18,-0.012329796678386629
19,-0.011810370837338269
20,-0.009828306152485311
21,-0.005898355157114565
22,-0.003926762496121228
23,-0.0034222074318677187
24,-0.003894238034263253
25,-0.012658832827582955
26,-0.013114436878822744
27,-0.013081363518722355
28,-0.014024023432284594
29,-0.015940683078952134
30,-0.01541467581409961
31,-0.013913883361965418
32,-0.01485497155226767
33,-0.010915889404714108
34,-0.010886564734391868
35,-0.010369427385739982
36,-0.010341039625927806
37,-0.011776228435337543
38,-0.00735467963386327
39,-0.0092829882632941
40,-0.006817230372689664
41,-0.007282925071194768
42,-0.009699171874672174
43,-0.007232637377455831
44,-0.006721861311234534
45,-0.006699828896671534
46,-0.015946929110214114
47,-0.01590848108753562
48,-0.015870076487772167
49,-0.014856019522994757
50,-0.016282978001981974
51,-0.01624383416492492
52,-0.015716886147856712
53,-0.014703002059832215
54,-0.013203046983107924
55,-0.005851563764736056
56,-0.008757922914810479
57,-0.0087320227175951
58,-0.006266916752792895
59,-0.013563129003159702
60,-0.011089413776062429
61,-0.013010701397433877
62,-0.013465014286339283
63,-0.012454956769943237
64,-0.01681299600750208
65,-0.018724032794125378
66,-0.02258303703274578
67,-0.020580983255058527
68,-0.017606756067834795
69,-0.014149935101158917
70,-0.01508985715918243
71,-0.01505239144898951
72,-0.0120878831949085
73,-0.009616466937586665
74,-0.010564356809481978
75,-0.010047004208900034
76,-0.008067011716775596
77,-0.008041912107728422
78,-0.01143177761696279
79,-0.009937130147591233
80,-0.005518035497516394
81,0.0003567640669643879
82,-0.0020722767803817987
83,-0.0015699156792834401
84,-0.003507682355120778
85,-0.003002764657139778
86,-0.002986586536280811
87,-0.005897517665289342
88,-0.008315423619933426
89,-0.00341130921151489
90,0.001971949706785381
91,0.005882105324417353
92,0.004906832822598517
93,0.005396826774813235
94,0.004910247400403023
95,0.00296098121907562
96,-0.002399761462584138
97,-0.005799591541290283
98,-0.0018756623612716794
99,-0.0043007159838452935
100,-0.0023308286909013987
101,0.0010991072049364448
102,0.0030594089766964316
103,-0.0008379461942240596
104,-0.0027769894804805517
105,-0.004224737989716232
106,-0.0022549760760739446
107,-0.007118574110791087
108,-0.010997829958796501
109,-0.01243094285018742
110,-0.011910101282410324
111,-0.00748738506808877
112,-0.009414528147317469
113,-0.012801777571439743
114,-0.013255906524136662
115,-0.011269970797002316
116,-0.012702476233243942
117,-0.013644570717588067
118,-0.010194342583417892
119,-0.008701614919118583
120,-0.008187218685634434
121,-0.005722333211451769
122,-0.0022861198522150517
123,-0.0032466320553794503
124,-0.005181128974072635
125,-0.004672944894991815
126,-0.008556283893994987
127,-0.012432714342139661
128,-0.009472376201301813
129,-0.012859297799877822
130,-0.012825252721086144
131,-0.015230485005304217
132,-0.014216490206308663
133,-0.015643510967493057
134,-0.015116582857444882
135,-0.013127023819833994
136,-0.014068062067963183
137,-0.012080321903340518
138,-0.014486720087006688
139,-0.011522499145939946
140,-0.011978456634096801
141,-0.011945737642236054
142,-0.007522429921664298
143,-0.004082659259438515
144,-0.0040639229118824005
145,-0.0011181277222931385
146,-0.00012895162217319012
147,-0.001092921826057136
148,0.00038405880331993103
149,-0.001068668789230287
150,-0.00007957720663398504
151,0.00041991029866039753
152,0.001894205342978239
153,0.00043879461009055376
154,0.0009373576613143086
155,0.0009471862576901913
156,0.0004691481590270996
157,-0.0019594316836446524
158,-0.0009687637211754918
159,0.00002014683559536934
160,0.001982996705919504
161,0.0010152726899832487
162,0.00004926545079797506
163,0.003963449154980481
164,0.0015286580892279744
165,0.0025131208822131157
166,0.00105659372638911
167,0.0010661936830729246
168,0.0001000802731141448
169,0.0010870719561353326
170,0.002072309493087232
171,0.005495032295584679
172,0.0054967362666502595
173,0.006961970939300954
174,0.004521812894381583
175,0.0025738273980095983
176,-0.00034639821387827396
177,0.003080580267123878
178,0.00406223104801029
179,0.0011393518652766943
180,-0.00616896734572947
181,-0.0027316539781168103
182,-0.0046667627757415175
183,-0.007574123446829617
184,-0.007549224188551307
185,-0.008012205129489303
186,-0.005547265755012631
187,-0.00552593229804188
188,-0.002089694724418223
189,-0.005977268796414137
190,-0.00010097958147525787
191,0.0028377906419336796
192,0.0018685581162571907
193,-0.00007465167436748743
194,-0.003477953956462443
195,-0.005899512674659491
196,-0.009780304855667055
197,-0.012678496190346777
198,-0.011180893401615322
199,-0.01017377944663167
200,-0.010144132887944579
201,-0.006211742293089628
202,-0.006189104751683772
203,-0.00616649747826159
204,-0.007119616027921438
205,-0.009046725812368095
206,-0.012433942523784935
207,-0.013375887414440513
208,-0.013828291092067957
209,-0.014767716987989843
210,-0.011802671710029244
211,-0.007379328948445618
212,-0.005890914238989353
213,-0.002941590384580195
214,-0.006339516723528504
215,-0.006316467188298702
216,-0.0028785152826458216
217,-0.002373748575337231
218,-0.010651130811311305
219,-0.01208393310662359
220,-0.014489867258816957
221,-0.009573793387971818
222,-0.0032028902787715197
223,-0.0022096174070611596
224,-0.0007302570156753063
225,-0.0036441503325477242
226,0.0007648492464795709
227,0.000775391235947609
228,0.0017616084078326821
229,0.006648852140642703
230,0.010551712941378355
231,0.013959779171273112
232,0.017361772246658802
233,0.018318459624424577
234,0.016346333897672594
235,0.01779261720366776
236,0.012894286075606942
237,0.014834497473202646
238,0.008477832074277103
239,0.010913696140050888
240,0.013345217914320529
241,0.015284553752280772
242,0.011366251157596707
243,0.008918430423364043
244,0.009402027586475015
245,0.008421208243817091
246,0.009393507265485823
247,0.009876217925921082
248,0.009382360382005572
249,0.010352907702326775
250,0.00937032513320446
251,0.015707185957580805
252,0.015690752305090427
253,0.018601407762616873
254,0.019555476144887507
255,0.01514149596914649
0,0.009759634383954108
1,0.007802245789207518
2,0.004872625810094178
3,0.0024360469542443752
4,0.002930876100435853
5,0.006839754991233349
6,0.006351054646074772
7,0.003911821520887315
8,0.002452608314342797
9,0.0009959822054952383
10,0.0005176363047212362
11,0.005406461772508919
12,0.0058959705056622624
13,0.004433210240676999
14,0.006875820690765977
15,0.008338388288393617
16,0.003944174735806882
17,-0.0014179374556988478
18,-0.0028677466325461864
19,-0.0023635863326489925
20,-0.005763098364695907
21,-0.008180869626812637
22,-0.0037644695257768035
23,-0.005210075527429581
24,0.00017675897106528282
25,-0.004690769826993346
26,-0.003207630943506956
27,0.0007121182279661298
28,0.0012099728919565678
29,0.0017069419845938683
30,-0.0007240597624331713
31,-0.0007115057669579983
32,-0.004601753782480955
33,-0.0045823062537238
34,-0.008465666673146188
35,-0.0074636428616940975
36,-0.009390472201630473
37,-0.012289560050703585
38,-0.01128070056438446
39,-0.013200700050219893
40,-0.009750946424901485
41,-0.012161473510786891
42,-0.013104158337228
43,-0.008190977852791548
44,-0.002798660658299923
45,0.00453547656070441
46,0.0025874809361994267
47,0.001618635025806725
48,0.0030907444888725877
49,0.0060237779980525374
50,0.0030974234687164426
51,0.0021276502520777285
52,-0.00030394725035876036
53,0.0011715538566932082
54,-0.0012583474162966013
55,-0.005147474817931652
56,-0.003175517893396318
57,-0.003158447507303208
58,-0.005580640339758247
59,-0.0021443526493385434
60,-0.0006655534962192178
61,-0.0006529213860630989
62,-0.0030795488273724914
63,-0.00598970998544246
64,-0.006455457012634724
65,-0.007896061637438834
66,-0.004455620422959328
67,-0.0029726711800321937
68,-0.0063708259840495884
69,-0.015129260194953531
70,-0.01167593034915626
71,-0.007740865810774267
72,-0.001861386001110077
73,-0.001358665875159204
74,0.0025580969522707164
75,0.0050043584778904915
76,0.004519183072261512
77,0.005498404731042683
78,0.004524488700553775
79,0.008430770481936634
80,0.013305798231158406
81,0.012317978253122419
82,0.012795435322914273
83,0.01375987206120044
84,0.01325903186807409
85,0.009831974690314382
86,0.00836237717885524
87,0.00787107099313289
88,0.006404929677955806
89,-0.0009127894882112741
90,-0.00382688594982028
91,-0.004296564380638301
92,-0.0003747738082893193
93,0.0015886633191257715
94,-0.0013298635021783412
95,-0.0037553589208982885
96,-0.0037373038358055055
97,-0.0007921895012259483
98,0.00019630655879154801
99,0.0016708947368897498
100,-0.0017356134485453367
101,-0.0012332902406342328
102,-0.0036589421797543764
103,-0.004128891101572663
104,-0.0036223040660843253
105,-0.006043696135748178
106,-0.007972931780386716
107,-0.005995948682539165
108,-0.004510313970968127
109,-0.003515157732181251
110,-0.004961000464390963
111,-0.008355658559594303
112,-0.010280733404215425
113,-0.010738831188064069
114,-0.012171793554443866
115,-0.011162954731844366
116,-0.012595127278473228
117,-0.012073346704710275
118,-0.017894491902552545
119,-0.01541186444228515
120,-0.02122702926862985
121,-0.01825057907262817
122,-0.014791537425480783
123,-0.013777852000202984
124,-0.013253792247269303
125,-0.008827861514873803
126,-0.01026394619839266
127,-0.00974607450189069
128,-0.007277716649696231
129,-0.0043258824734948575
130,-0.004794215725269169
131,-0.007700947637204081
132,-0.009626811021007597
133,-0.010085697053000331
134,-0.013958685391116887
135,-0.010994908981956542
136,-0.007548529945779592
137,-0.0045961057767271996
138,-0.004088154528290033
139,-0.006508184247650206
140,-0.00989960168953985
141,-0.005479420709889382
142,-0.004482012416701764
143,-0.005437758460175246
144,-0.004440408491063863
145,-0.006859755318146199
146,-0.004884167516138405
147,-0.00681486027315259
148,-0.008254266751464456
149,-0.013106037222314626
150,-0.014046391937881708
151,-0.015472902276087552
152,-0.01640900777420029
153,-0.014416339749004692
154,-0.01340288226492703
155,-0.015806136128958315
156,-0.019668640394229442
157,-0.012303761497605592
158,-0.004464092431589961
159,0.004337359103374183
160,0.003366224584169686
161,-0.01272646541474387
162,-0.02439993352163583
163,-0.02971061773132533
164,-0.03159689239691943
165,-0.03738254850031808
166,-0.04413356783334166
167,-0.04745759762590751
168,-0.04979995510075241
169,-0.054577312781475484
170,-0.058370406622998416
171,-0.0689865393214859
172,-0.07616878015687689
173,-0.07943536783568561
174,-0.07732970645884052
175,-0.07669120439095423
176,-0.07800510508241132
177,-0.07297453132923692
178,-0.07087985990801826
179,-0.07122803333913907
180,-0.06718484812881798
181,-0.06461227824911475
182,-0.06497125944588333
183,-0.06142672029091045
184,-0.05983976763673127
185,-0.05727984325494617
186,-0.05960284930188209
187,-0.06192163657397032
188,-0.06716329412302002
189,-0.06654136790893972
190,-0.06494474573992193
191,-0.061399465368594974
192,-0.05639684048946947
193,-0.053842246590647846
194,-0.05080425611231476
195,-0.0546014453866519
196,-0.05204978788970038
197,-0.054868901905138046
198,-0.05085305793909356
199,-0.048795654089190066
200,-0.04430258856154978
201,-0.045671601488720626
202,-0.04655026399996132
203,-0.044500207353848964
204,-0.042941567953675985
205,-0.043824866123031825
206,-0.0447065265616402
207,-0.04461085586808622
208,-0.04061250411905348
209,-0.03710903483442962
210,-0.03897805116139352
211,-0.0423072298290208
212,-0.04026410717051476
213,-0.0396880914340727
214,-0.036185950331855565
215,-0.037568445899523795
216,-0.039436275023035705
217,-0.03983718279050663
218,-0.03584668767871335
219,-0.032351068628486246
220,-0.034715776273515075
221,-0.03561268746852875
222,-0.03602010244503617
223,-0.034475346677936614
224,-0.029030498815700412
225,-0.02359527285443619
226,-0.01914535538526252
227,-0.01616685139015317
228,-0.015632848197128624
229,-0.014611920982133597
230,-0.017983411671593785
231,-0.01695825922070071
232,-0.013983510143589228
233,-0.01589249644894153
234,-0.0163345254259184
235,-0.012385115609504282
236,-0.010881936585064977
237,-0.011820647050626576
238,-0.013245519832707942
239,-0.016619232017546892
240,-0.018523384700529277
241,-0.022375517815817147
242,-0.01695167168509215
243,-0.01495236239861697
244,-0.01344442687695846
245,-0.013402690296061337
246,-0.012385311536490917
247,-0.013808957359287888
248,-0.017181443981826305
249,-0.02006006782175973
250,-0.023909243813250214
251,-0.025800157338380814
252,-0.02963906287914142
253,-0.025665544206276536
254,-0.027065363654401153
255,-0.026511264324653894
0,-0.027909497497603297
1,-0.027841661067213863
2,-0.028261748666409403
3,-0.02185117971384898
4,-0.02228182490216568
5,-0.021248127159196883
6,-0.021191926614847034
7,-0.016745164117310196
8,-0.01718474639346823
9,-0.014696435770019889
10,-0.010261129587888718
11,-0.008760767930652946
12,-0.010677989397663623
13,-0.011128247191663831
14,-0.013529078161809593
15,-0.012998539430554956
16,-0.011493227037135512
17,-0.010966264526359737
18,-0.010440220299642533
19,-0.01137863629264757
20,-0.009876130265183747
21,-0.009351971442811191
22,-0.004925948102027178
23,-0.005386251432355493
24,-0.003406491014175117
25,-0.004357325844466686
26,-0.0018915326218120754
27,0.00008203799370676279
28,0.00010071392171084881
29,-0.004271271638572216
30,-0.005708402255550027
31,-0.0022644964628852904
32,-0.004193025117274374
33,-0.00026395212626084685
34,-0.003659568727016449
35,-0.007536997843999416
36,-0.008968292502686381
37,-0.009909184242133051
38,-0.00889699929393828
39,-0.006910902331583202
40,-0.004928321053739637
41,-0.0019735568785108626
42,-0.0009754264028742909
43,0.0034358662669546902
44,0.00393654074287042
45,0.003948472149204463
46,-0.0018937946297228336
47,-0.005286447121761739
48,-0.00964876270154491
49,-0.011564079322852194
50,-0.0046947208466008306
51,-0.005643113108817488
52,-0.010004745388869196
53,-0.013870769937057048
54,-0.000655243347864598
55,0.006682648498099297
56,0.005226244509685785
57,0.009626589075196534
58,0.011579867452383041
59,0.0018213176517747343
60,0.013057537493295968
61,0.02134670061059296
62,0.019376312964595854
63,0.027166344749275595
64,0.021770617342554033
65,0.019311521667987108
66,0.02124738978454843
67,0.01781346381176263
68,0.01877623493783176
69,0.009004620544146746
70,-0.006115981261245906
71,-0.009989231592044234
72,-0.0070257228799164295
73,-0.010409483453258872
74,-0.014275067020207644
75,-0.007401117996778339
76,-0.005905685597099364
77,0.0019291192293167114
78,-0.002446179511025548
79,-0.002423077530693263
80,-0.010205573868006468
81,-0.01504715025657788
82,-0.012074545316863805
83,-0.006667961424682289
84,-0.007612985325977206
85,-0.01245909952558577
86,-0.01193026639521122
87,-0.013353743590414524
88,-0.018677452695555985
89,-0.01423472841270268
90,-0.010775564995128661
91,-0.004883288871496916
92,-0.005343485390767455
93,-0.0033636187436059117
94,-0.0008994144154712558
95,-0.002830212120898068
96,-0.001342644274700433
97,0.00014228449435904622
98,-0.001302508870139718
99,-0.002744734927546233
100,-0.004184395947959274
101,-0.0031822563032619655
102,0.0012330421013757586
103,-0.002652909723110497
104,-0.004092719871550798
105,-0.0011393390595912933
106,-0.0006304380367510021
107,0.0028046457446180284
108,0.0033065404859371483
109,0.0062467766110785306
110,0.006742544414009899
111,0.004798183683305979
112,0.0033451149938628078
113,0.0038460116484202445
114,0.002394622249994427
115,0.0033850441104732454
116,0.0019344640895724297
117,0.00536493252729997
118,0.008301453723106533
119,0.010744900209829211
120,0.014159686455968767
121,0.012689911294728518
122,0.013174116320442408
123,0.012681745458394289
124,0.008775295806117356
125,0.014144872257020324
126,0.018529197375755757
127,0.021442165540065616
128,0.022398537548724562
129,0.021401785837952048
130,0.02382170280907303
131,0.020870962529443204
132,0.02329175139311701
133,0.023756815295200795
134,0.017878997256048024
135,0.016890063299797475
136,0.015415010915603489
137,0.018333181214984506
138,0.017343360697850585
139,0.01928235572995618
140,0.018290792068000883
141,0.01827665523160249
142,0.018262514553498477
143,0.018248370150104165
144,0.018234222079627216
145,0.01626867993036285
146,0.015770144935231656
147,0.016248165164142847
148,0.016725311055779457
149,0.015250193071551621
150,0.014265517587773502
151,0.010843330121133476
152,0.007427202071994543
153,0.00401712761959061
154,0.0025644918787293136
155,0.0006265840493142605
156,0.002107048872858286
157,0.0016334914835169911
158,0.0006729247979819775
159,-0.0012616325402632356
160,-0.00026566750602796674
161,-0.0026864035753533244
162,-0.00022436125436797738
163,-0.004596556362230331
164,-0.007497438229620457
165,-0.007466072042006999
166,-0.013288920745253563
167,-0.013735086133237928
168,-0.014180437778122723
169,-0.011210043099708855
170,-0.0048299721092917025
171,-0.009681715746410191
172,-0.01013420132221654
173,-0.011073715053498745
174,-0.010548000398557633
175,-0.011486745264846832
176,-0.01291165268048644
177,-0.007016296265646815
178,-0.006009871838614345
179,-0.006468767765909433
180,-0.007902533805463463
181,-0.011772979341913015
182,-0.009294515766669065
183,-0.011211066215764731
184,-0.01458773878403008
185,-0.015519154898356646
186,-0.019375977921299636
187,-0.021274532366078347
188,-0.01829120615730062
189,-0.01677669124910608
190,-0.01575268618762493
191,-0.01765755988890305
192,-0.014192700386047363
193,-0.02097876917105168
194,-0.019459347415249795
195,-0.022333220404107124
196,-0.025201955751981586
197,-0.02757770987227559
198,-0.02604642155347392
199,-0.029884134186431766
200,-0.027372967451810837
201,-0.026329758518841118
202,-0.026264055632054806
203,-0.026686275377869606
204,-0.033449721697252244
205,-0.02946845954284072
206,-0.03476332378340885
207,-0.03273101826198399
208,-0.03509289742214605
209,-0.03208420448936522
210,-0.0324957356788218
211,-0.03632141795242205
212,-0.02794406085740775
213,-0.02397216239478439
214,-0.027812839369289577
215,-0.02628032979555428
216,-0.029141128004994243
217,-0.03687527618603781
218,-0.033375139464624226
219,-0.03134470770601183
220,-0.03614769724663347
221,-0.034112235880456865
222,-0.0276897064759396
223,-0.021278537111356854
224,-0.02756275428691879
225,-0.03188437956850976
226,-0.03912536654388532
227,-0.04001141636399552
228,-0.029187488311436027
229,-0.02228551305597648
230,-0.02076208114158362
231,-0.0250954917864874
232,-0.04015381523640826
233,-0.04250130133004859
234,-0.030696972680743784
235,-0.04184239055030048
236,-0.039796068624127656
237,-0.038729012303519994
238,-0.037663789407815784
239,-0.0317219226853922
240,-0.02725409879349172
241,-0.02328201220370829
242,-0.0349280639202334
243,-0.039235668373294175
244,-0.04207201988901943
245,-0.037585555110126734
246,-0.030179911642335355
247,-0.02864154044073075
248,-0.017836751707363874
249,-0.015344528248533607
250,-0.02212580939522013
251,-0.030358557414729148
252,-0.030771079007536173
253,-0.028743581264279783
254,-0.028671028499957174
255,-0.035428425297141075
0,-0.04266161541454494
1,-0.03719785809516907
2,-0.032231591176241636
3,-0.03264041425427422
4,-0.03353630780475214
5,-0.03199131943983957
6,-0.02215561521006748
7,-0.027460614568553865
8,-0.04348879784811288
9,-0.04924365394981578
10,-0.051085433980915695
11,-0.0412155210506171
12,-0.03477800090331584
13,-0.03274248423986137
14,-0.037052548257634044
15,-0.047209071868564934
16,-0.049054078583139926
17,-0.04943218914559111
18,-0.05420017818687484
19,-0.0394457132788375
20,-0.032522944442462176
21,-0.03536936757154763
22,-0.042601308901794255
23,-0.03762415290111676
24,-0.04826689703622833
25,-0.04571878327988088
26,-0.05781054910039529
27,-0.06207519245799631
28,-0.06877140357391909
29,-0.059356646495871246
30,-0.053861292952205986
31,-0.04593637364450842
32,-0.0468067093170248
33,-0.06133515771944076
34,-0.06364152365131304
35,-0.05960167548619211
36,-0.06191092450171709
37,-0.06421597563894466
38,-0.051881405408494174
39,-0.032738788169808686
40,-0.034119705902412534
41,-0.044279374356847256
42,-0.047591067443136126
43,-0.06065375678008422
44,-0.050764320651069283
45,-0.05113716289633885
46,-0.051509262062609196
47,-0.04700214369222522
48,-0.05811407580040395
49,-0.056034301698673517
50,-0.052494589355774224
51,-0.07774408539989963
52,-0.07806840044213459
53,-0.0676593697280623
54,-0.04995100072119385
55,-0.04593372705858201
56,-0.06826728244777769
57,-0.07055932481307536
58,-0.05674821638967842
59,-0.05320633976953104
60,-0.057476229034364223
61,-0.06710476928856224
62,-0.07037408888572827
63,-0.05948991293553263
64,-0.05935761518776417
65,-0.07190949522191659
66,-0.0727306334883906
67,-0.07598943635821342
68,-0.07777879043715075
69,-0.07907699682982638
70,-0.061834565771277994
71,-0.07438135374104604
72,-0.09080852702027187
73,-0.08330185833619907
74,-0.06849067320581526
75,-0.06492617214098573
76,-0.0769790198537521
77,-0.11828119918936864
78,-0.1160914232605137
79,-0.08268310758285224
80,-0.0751899013412185
81,-0.07014911866281182
82,-0.08511892578098923
83,-0.09518354281317443
84,-0.08083776052808389
85,-0.08554337761597708
86,-0.08194709580857307
87,-0.07640567963244393
88,-0.08404586632968858
89,-0.0741098421276547
90,-0.07248475146479905
91,-0.09135202976176515
92,-0.08286619954742491
93,-0.07098037272226065
94,-0.0830200687632896
95,-0.0969896464375779
96,-0.09727453510276973
97,-0.1102428010199219
98,-0.11294306762283668
99,-0.08783105004113168
100,-0.08471662231022492
101,-0.09770656033651903
102,-0.10579480382148176
103,-0.08459766471059993
104,-0.08636686473619193
105,-0.0988654334214516
106,-0.09280344634316862
107,-0.10333889332832769
108,-0.12263672682456672
109,-0.09555458300746977
110,-0.07730163057567552
111,-0.06639867904596031
112,-0.08722507336642593
113,-0.12069838814204559
114,-0.11166933935601264
115,-0.10509538376936689
116,-0.09999647724907845
117,-0.08271027711452916
118,-0.07813867588993162
119,-0.08723480021581054
120,-0.10314450203441083
121,-0.09853619412751868
122,-0.07442201022058725
123,-0.09572034887969494
124,-0.10771161603042856
125,-0.11577864101855084
126,-0.12090407399227843
127,-0.10211568465456367
128,-0.08531188417691737
129,-0.08463675528764725
130,-0.08103560574818403
131,-0.0940275396569632
132,-0.10845979960868135
133,-0.0999374269740656
134,-0.08167307724943385
135,-0.10344452859135345
136,-0.104687562037725
137,-0.10983100341400132
138,-0.13886966952122748
139,-0.12053534196456894
140,-0.09637920709792525
141,-0.06933872541412711
142,-0.11064480582717806
143,-0.12699714378686622
144,-0.12039141065906733
145,-0.11769999674288556
146,-0.09842635836685076
147,-0.08943158510373905
148,-0.11752905644243583
149,-0.08849828771781176
150,-0.11171861522598192
151,-0.1422152501763776
152,-0.13899602956371382
153,-0.12602535367477685
154,-0.15747163794003427
155,-0.1610545267467387
156,-0.13340855512069538
157,-0.1033722223364748
158,-0.11192901554750279
159,-0.10827424965100363
160,-0.11926122894510627
161,-0.13657053012866527
162,-0.13482282642507926
163,-0.11258841486414894
164,-0.1411294515710324
165,-0.14034873439231887
166,-0.14444765727967024
167,-0.17146790999686345
168,-0.1638027378357947
169,-0.16298078297404572
170,-0.1850888659246266
171,-0.1486156934988685
172,-0.13367234013276175
173,-0.10558342415606603
174,-0.1165720205171965
175,-0.1368100256077014
176,-0.15847542323172092
177,-0.16400313226040453
178,-0.16366659646155313
179,-0.17211165599292144
180,-0.1605396982631646
181,-0.14264601562172174
182,-0.1872283675475046
183,-0.17270170903066173
184,-0.1664939791080542
185,-0.17590813082642853
186,-0.20433134416816756
187,-0.20196937047876418
188,-0.15472929523093626
189,-0.13879509805701673
190,-0.17021018790546805
191,-0.18839734484208748
192,-0.184110923204571
193,-0.1866616876795888
194,-0.20091596973361447
195,-0.2073390637524426
196,-0.23765495646512136
197,-0.2425485720159486
198,-0.17913445603335276
199,-0.1529090681578964
200,-0.17307552270358428
201,-0.1980843726778403
202,-0.22353635216131806
203,-0.210890676418785
204,-0.17972891323734075
205,-0.19057708664331585
206,-0.2121383438934572
207,-0.2214647932560183
208,-0.20150347874732688
209,-0.20109119126573205
210,-0.11628168891184032
211,-0.16968344990164042
212,-0.20152483112178743
213,-0.20842913130763918
214,-0.21678438590606675
215,-0.22951509075937793
216,-0.23880789574468508
217,-0.23979041475104168
218,-0.23735587717965245
219,-0.19931241497397423
220,-0.2101209435495548
221,-0.24969295534538105
222,-0.23650677216937765
223,-0.19504846958443522
224,-0.21610795956803486
225,-0.22103074577171355
226,-0.21179686253890395
227,-0.20843321084976196
228,-0.17678004340268672
229,-0.22421410481911153
230,-0.2500982968485914
231,-0.24812882294645533
232,-0.2598221858497709
233,-0.281739174737595
234,-0.27776088239625096
235,-0.22061382979154587
236,-0.2357693374506198
237,-0.24406769685447216
238,-0.2635714304051362
239,-0.26401406206423417
240,-0.2654311860096641
241,-0.26294259360292926
242,-0.2316749980673194
243,-0.23851466440828517
244,-0.2477810475975275
245,-0.23166251252405345
246,-0.277528872305993
247,-0.2579417804372497
248,-0.24326753482455388
249,-0.24618147278670222
250,-0.19542661495506763
251,-0.18671645829454064
252,-0.18875411862973124
253,-0.19761772855417803
254,-0.22061286790994927
255,-0.274301225959789
0,-0.34301709762075916
1,-0.33111556904623285
2,-0.2933787278016098
3,-0.2942483856459148
4,-0.28633477800758556
5,-0.2798983118846081
6,-0.26761866110609844
7,-0.2680444276193157
8,-0.23383183736586943
9,-0.2304140211781487
10,-0.27383527625352144
11,-0.22546365833841264
12,-0.24498838308500126
13,-0.24886693141888827
14,-0.265422236348968
15,-0.26340951956808567
16,-0.2667662833700888
17,-0.28621563530759886
18,-0.2012306215474382
19,-0.22323480434715748
20,-0.23593046079622582
21,-0.2744591231457889
22,-0.2826723926118575
23,-0.25135497911833227
24,-0.25326640938874334
25,-0.21663408761378378
26,-0.22299705300247297
27,-0.21422509342664853
28,-0.23571491980692372
29,-0.2596054549794644
30,-0.26540280069457367
31,-0.23264947545249015
32,-0.15507196221733466
33,-0.15763894945848733
34,-0.20069247804349288
35,-0.27342794643482193
36,-0.28944351815152913
37,-0.2683537805569358
38,-0.28291393764084205
39,-0.23451545898569748
40,-0.21059492306085303
41,-0.22525648475857452
42,-0.2608691035420634
43,-0.27934341254876927
44,-0.2655865379492752
45,-0.24258456658571959
46,-0.2527966879424639
47,-0.2786013999138959
48,-0.23947612690972164
49,-0.20383487828075886
50,-0.1921611218713224
51,-0.16343312460230663
52,-0.23525247670477256
53,-0.2659647411783226
54,-0.20149177772691473
55,-0.1903083571814932
56,-0.19817054795566946
57,-0.2445584237575531
58,-0.26110484660603106
59,-0.19127245782874525
60,-0.18449609557865188
61,-0.23334609641460702
62,-0.2177131130010821
63,-0.23576902539934963
64,-0.2030563583248295
65,-0.2011358510935679
66,-0.21336601552320644
67,-0.1850827790913172
68,-0.13245709077455103
69,-0.1906660317326896
70,-0.2219397010630928
71,-0.23022865556413308
72,-0.18337575334589928
73,-0.19124467967776582
74,-0.21617399697424844
75,-0.2610604591318406
76,-0.23073828424094245
77,-0.20681160251842812
78,-0.11804335069609806
79,-0.16554199840174988
80,-0.058796215686015785
81,-0.1400611883145757
82,-0.14410173252690583
83,-0.17886927153449506
84,-0.22723452729405835
85,-0.1823346630553715
86,-0.17556634353240952
87,-0.22052160667954013
88,-0.24637064494891092
89,-0.13947885861853138
90,-0.22498858772451058
91,-0.23375406448030844
92,-0.2268924861564301
93,-0.24492295843083411
94,-0.25267623050604016
95,-0.19016528700012714
96,-0.12922857829835266
97,-0.19767946825595573
98,-0.2538123176782392
99,-0.2410585907055065
100,-0.20539829274639487
101,-0.14443291368661448
102,-0.28408090554876253
103,-0.2766383755370043
104,-0.24042561667738482
105,-0.23159624013351277
106,-0.23546621151035652
107,-0.2481101957964711
108,-0.20218962943181396
109,-0.20854996878188103
110,-0.17391948960721493
111,-0.21008812176296487
112,-0.24911928753135726
113,-0.2202699453337118
114,-0.09975613583810627
115,-0.12678611552109942
116,-0.23231135943206027
117,-0.2747165326727554
118,-0.27362754504429176
119,-0.2564410886261612
120,-0.24757815164048225
121,-0.21580172440735623
122,-0.15627406624844298
123,-0.16856544907204807
124,-0.20522712002275512
125,-0.2110889742616564
126,-0.23206336155999452
127,-0.27934390935115516
128,-0.2309219427406788
129,-0.13721576367970556
130,-0.2139345511677675
131,-0.2153882555430755
132,-0.20805778226349503
133,-0.21830250835046172
134,-0.22316237614722922
135,-0.2192320060566999
136,-0.18115893844515085
137,-0.17681466811336577
138,-0.18760110676521435
139,-0.15543751080986112
140,-0.1716276872321032
141,-0.18193467485252768
142,-0.18100258038612083
143,-0.14592252485454082
144,-0.13480905687902123
145,-0.18957453046459705
146,-0.17399241437669843
147,-0.07013728114543483
148,-0.12794398388359696
149,-0.09637173981172964
150,-0.11705509183229879
151,-0.14258001011330634
152,-0.2012330163270235
153,-0.21294819557806477
154,-0.08121505210874602
155,-0.0336254634312354
156,-0.06515162641881034
157,-0.0961338619235903
158,-0.11730398319195956
159,-0.09062726824777201
160,-0.1874232113477774
161,-0.1859896290116012
162,-0.12162596214329824
163,-0.10567329433979467
164,-0.09121232753386721
165,-0.11482900322880596
166,-0.08815526496618986
167,-0.05225964478449896
168,-0.0652124339248985
169,-0.13034181133843958
170,-0.08998026623157784
171,-0.14042989147128537
172,-0.13907787576317787
173,-0.09235821693437174
174,-0.07255298254312947
175,-0.06107620772672817
176,-0.11352774576516822
177,-0.14051789947552606
178,-0.10501541930716485
179,-0.05396468855906278
180,-0.0483743401709944
181,-0.10572617797879502
182,-0.11760619253618643
183,-0.10702393943211064
184,-0.09011828823713586
185,-0.10056197579251602
186,-0.06854422250762582
187,0.02488558302866295
188,-0.07455033145379275
189,-0.07624005910474807
190,-0.04231379344128072
191,-0.039182096312288195
192,-0.08337711199419573
193,-0.0943198898457922
194,-0.0920712046790868
195,-0.0600676650647074
196,-0.039829196757636964
197,0.013547034468501806
198,-0.06781745800981298
199,-0.05000431853113696
200,0.0033901440328918397
201,-0.05600299284560606
202,-0.05382179078878835
203,-0.07896384038031101
204,-0.08113228814909235
205,-0.0803696719231084
206,-0.026920745673123747
207,-0.05503722280263901
208,-0.058223464409820735
209,-0.0443292916752398
210,0.018812885391525924
211,0.04964497988112271
212,0.023831933445762843
213,0.086852939624805
214,-0.029278147034347057
215,-0.17691308067878708
216,-0.09158230840694159
217,-0.04152792721288279
218,-0.03302939864806831
219,-0.0011292245471850038
220,0.038519871595781296
221,0.0010185912251472473
222,0.053347847948316485
223,-0.00369374908041209
224,-0.06551253458019346
225,-0.013552969612646848
226,-0.014373178477399051
227,-0.04446276248199865
228,-0.031568263890221715
229,0.026185365684796125
230,0.027246090408880264
231,-0.04536009416915476
232,-0.06856468541081995
233,-0.044406752509530634
234,-0.02029164385749027
235,-0.002561339526437223
236,0.016113182820845395
237,-0.015981625765562057
238,-0.008015921514015645
239,-0.03470152581576258
240,-0.032068839005660266
241,-0.05139391653938219
242,-0.026778318744618446
243,0.01291688927449286
244,0.027661369182169437
245,0.0018882775912061334
246,0.013725207303650677
247,0.0421279157162644
248,-0.02806508238427341
249,0.040903153480030596
250,-0.015627958229742944
251,-0.03400656016310677
252,-0.029911487479694188
253,0.015155556960962713
254,0.00599147763568908
255,0.01196693506790325
0,0.009638355055358261
1,-0.003418752341531217
2,-0.03352733509382233
3,-0.020163971523288637
4,0.028300721140112728
5,0.058628956612665206
6,0.05329037725459784
7,0.08064697962254286
8,0.020630166225600988
9,-0.002203700307291001
10,0.0023224433534778655
11,0.05318606604123488
12,0.010292559571098536
13,-0.041306059050839394
14,-0.05524873244576156
15,0.013279676553793252
16,0.029486697691027075
17,0.017857584287412465
18,0.026250841154251248
19,0.03609269642038271
20,0.08250558760482818
21,0.01907023595413193
22,0.028924623387865722
23,0.03241944970795885
24,0.04468927555717528
25,0.019372982380446047
26,0.01361551188165322
27,0.04982313368236646
28,0.04791427729651332
29,0.08162160677602515
30,0.02013868192443624
31,0.007061801734380424
32,0.015473422303330153
33,0.014600979280658066
34,-0.01749218226177618
35,0.02462449809536338
36,0.03300487599335611
37,0.09893633495084941
38,0.08523141808109358
39,0.012033297098241746
40,-0.022982763941399753
41,0.02743670903146267
42,0.021664145053364336
43,0.05785668746102601
44,0.04520011896966025
45,0.09354689798783511
46,0.03204198303865269
47,0.049677529896143824
48,0.0770386365475133
49,0.02336834341986105
50,-0.027767453284468502
51,0.0665661643142812
52,0.08804289333056659
53,0.021668787288945168
54,-0.008486781094688922
55,0.007756726408842951
56,0.02104429464088753
57,0.03138115134788677
58,0.13585418520960957
59,0.08793306397274137
60,-0.0028336949180811644
61,-0.02270138921448961
62,-0.025459106254857033
63,0.020085022842977196
64,0.07091457641217858
65,0.08701658941572532
66,0.05772005073959008
67,0.04311086592497304
68,0.029991095303557813
69,0.004210535727906972
70,0.014088616881053895
71,0.06248909479472786
72,-0.008719118894077837
73,-0.019795632630120963
74,0.003784729284234345
75,0.04098294855793938
76,0.06006469513522461
77,0.0381332699325867
78,0.0035566886072047055
79,0.06124468514462933
80,0.09980410081334412
81,0.0734111670171842
82,0.05389484588522464
83,0.035388787160627544
84,0.008622122812084854
85,0.09801069216337055
86,0.22919528186321259
87,0.09670889499830082
88,0.04641598596936092
89,0.05816894298186526
90,0.08258497680071741
91,0.10744537558639422
92,0.10299060883698985
93,0.15171897399704903
94,0.13889178540557623
95,0.1553580070612952
96,0.12057075154734775
97,0.05901345645543188
98,0.09903766168281436
99,0.14045418740715832
100,0.18813897151267156
101,0.2206155162421055
102,0.1588794671697542
103,0.20360355381853878
104,0.20336593146203086
105,0.07970297522842884
106,0.06261023494880646
107,0.04359635501168668
108,0.08949989313259721
109,0.11873496760381386
110,0.11230507306754589
111,0.10734996071550995
112,0.10923334246035665
113,0.13257850077934563
114,0.09392535750521347
115,0.10851608210941777
116,0.15137588744983077
117,0.09610199159942567
118,0.09702855709474534
119,0.07014601258561015
120,0.06672777235507965
121,0.12380859471159056
122,0.09736593608977273
123,0.07487285503884777
124,0.09388663701247424
125,0.11481790052494034
126,0.08595136582152918
127,0.04493976081721485
128,0.13669544213917106
129,0.13315771310590208
130,0.05840031016850844
131,0.05012282123789191
132,0.07649712782585993
133,0.12428977695526555
134,0.1388237359933555
135,0.09381426637992263
136,0.05717797455145046
137,0.08549036912154406
138,0.11326451058266684
139,0.09561933431541547
140,0.10190986801171675
141,0.12136095575988293
142,0.14419224800076336
143,0.05038720497395843
144,0.08456470264354721
145,0.14746438880683854
146,0.07609407778363675
147,0.06778270588256419
148,0.08290266757830977
149,0.10872829821892083
150,0.11596969433594495
151,0.07685253047384322
152,0.0787838963442482
153,0.09729852562304586
154,0.10309609054820612
155,0.11864014982711524
156,0.14293767843628302
157,0.11352860654005781
158,0.06807260354980826
159,0.12904797319788486
160,0.0811248651589267
161,0.08499856200069189
162,0.09911004547029734
163,0.11709909688215703
164,0.08919835113920271
165,0.0369546256843023
166,0.07017692888621241
167,0.09651026653591543
168,0.17743562260875478
169,0.14113359351176769
170,0.09855377970961854
171,0.11068834131583571
172,0.11304423096589744
173,0.16515621065627784
174,0.11033678386593238
175,0.08195828687166795
176,0.06777762796264142
177,0.10045540728606284
178,0.0930715054855682
179,0.10765370819717646
180,0.13050325738731772
181,0.10599081544205546
182,0.07517971115885302
183,0.0717426590854302
184,0.09026473719859496
185,0.1331461636000313
186,0.1574130332446657
187,0.14212091360241175
188,0.14197899610735476
189,0.16671733249677345
190,0.13823609572136775
191,0.05419058818370104
192,0.04347135894931853
193,0.08155585068743676
194,0.08005693869199604
195,0.09026890341192484
196,0.12924560002284124
197,0.1369306420092471
198,0.16021294466918334
199,0.11515499523375183
200,0.10822897759499028
201,0.1081449527409859
202,0.14904010185273364
203,0.09229288960341364
204,0.0819918091292493
205,0.09317418251885101
206,0.12531399889849126
207,0.1393461909610778
208,0.08456674037734047
209,0.06013097026152536
210,0.090865267731715
211,0.15374279039679095
212,0.08430173539090902
213,0.11743183428188786
214,0.11537789774592966
215,0.06454266922082752
216,0.06258235668065026
217,0.08501780463848263
218,0.06497054389910772
219,0.07374178263125941
220,0.1288428496918641
221,0.11798645573435351
222,0.07739044982008636
223,0.11443416634574533
224,0.15970533667132258
225,0.14586631703423336
226,0.16181034053443
227,0.15918759122723714
228,0.15705709473695606
229,0.20859336550347507
230,0.2307669463334605
231,0.20167679712176323
232,0.21800780476769432
233,0.2025993790011853
234,0.18429090664722025
235,0.20992093218956143
236,0.24428637436358258
237,0.22346363693941385
238,0.2275577449472621
239,0.21652094926685095
240,0.20843049348331988
241,0.23938187916064635
242,0.2590574358473532
243,0.26942854456137866
244,0.27099955634912476
245,0.2925691009731963
246,0.309221409377642
247,0.23803109960863367
248,0.13476887758588418
249,0.21268123982008547
250,0.27094102441333234
251,0.2749458565376699
252,0.27747960056876764
253,0.2575674193794839
254,0.25232561357552186
255,0.2680701617500745
0,0.2647602757788263
1,0.20828046335373074
2,0.19580688694259152
3,0.21213815541705117
4,0.23770919512026012
5,0.31787338375579566
6,0.25885817606467754
7,0.2282425039447844
8,0.20841347810346633
9,0.2217929651378654
10,0.19709623546805233
11,0.18561492930166423
12,0.23415896692313254
13,0.2557848247815855
14,0.23541698936605826
15,0.24435580061981454
16,0.22351965279085562
17,0.20613508054520935
18,0.23951719742035493
19,0.20844378467882052
20,0.19059709971770644
21,0.1859536860138178
22,0.19790504075353965
23,0.2425206492189318
24,0.24998024117667228
25,0.2037629607366398
26,0.23763442144263536
27,0.14411715033929795
28,0.16492202883819118
29,0.20276437123538926
30,0.23419718316290528
31,0.2187404472497292
32,0.3135643607820384
33,0.23210644017672166
34,0.18640565959503874
35,0.15298191853798926
36,0.13913118466734886
37,0.1560392208630219
38,0.15291523875202984
39,0.17809172091074288
40,0.1915148773114197
41,0.19662048894679174
42,0.21440076100407168
43,0.2350762098794803
44,0.19912425853544846
45,0.17835910234134644
46,0.16982672369340435
47,0.17984743416309357
48,0.15179795754374936
49,0.1701435639988631
50,0.17430874810088426
51,0.19798016414279118
52,0.21624291373882443
53,0.20227495540166274
54,0.18540439306525514
55,0.14709819969721138
56,0.1703285829280503
57,0.1783941753092222
58,0.1762003656476736
59,0.1686438496108167
60,0.19476196670439094
61,0.1530225892784074
62,0.21722000377485529
63,0.2617891852860339
64,0.27359303017146885
65,0.15414448868250474
66,0.1110120132798329
67,0.12991258857073262
68,0.15951204567681998
69,0.1822288290131837
70,0.17758552532177418
71,0.15392413025256246
72,0.14250069385161623
73,0.2003716699546203
74,0.16057006199844182
75,0.16767223738133907
76,0.1542719395365566
77,0.19114349060691893
78,0.22160725330468267
79,0.21250092226546258
80,0.12291557563003153
81,0.12032596702920273
82,0.16311059019062668
83,0.18240230530500412
84,0.16507091076346114
85,0.15020926645956933
86,0.13147099188063294
87,0.16008699516532943
88,0.16035677661420777
89,0.17330986249726266
90,0.1550174310686998
91,0.16505239327671006
92,0.145798422570806
93,0.1504829394398257
94,0.12198526604333892
95,0.19940092199249193
96,0.21423431701259688
97,0.18464690720429644
98,0.12730442866450176
99,0.13982576702255756
100,0.11036976100876927
101,0.1487766937352717
102,0.1285734890261665
103,0.16597196646034718
104,0.20232808304717764
105,0.18788317969301715
106,0.1373629075824283
107,0.1449859813437797
108,0.1623522420413792
109,0.1382203678949736
110,0.15950094704749063
111,0.1748893182957545
112,0.2034219743218273
113,0.2109262018930167
114,0.1769497285131365
115,0.19718438328709453
116,0.1520112243015319
117,0.11374789924593642
118,0.14970516390167177
119,0.12949587730690837
120,0.10151670774212107
121,0.13554369809571654
122,0.13779996504308656
123,0.17859196587232873
124,0.1832105356734246
125,0.1463535717339255
126,0.1281000265153125
127,0.19964264187728986
128,0.23251795500982553
129,0.1580080632120371
130,0.13485421403311193
131,0.10978987289126962
132,0.1379452464170754
133,0.16361117275664583
134,0.1092242673621513
135,0.14079492934979498
136,0.14694123930530623
137,0.14429514773655683
138,0.13628720329143107
139,0.14048945117974654
140,0.1529774246737361
141,0.1561738791060634
142,0.13936266116797924
143,0.11526335892267525
144,0.1263316894765012
145,0.12664752133423463
146,0.15037927555385977
147,0.15113981917966157
148,0.14945953560527414
149,0.18729765253374353
150,0.16603873332496732
151,0.15652564039919525
152,0.17776358796982095
153,0.223843771207612
154,0.16202746954513714
155,0.1061748419306241
156,0.10749938228400424
157,0.16638741397764534
158,0.17150739062344655
159,0.1331995716318488
160,0.16228252497967333
161,0.19667990622110665
162,0.16369293740717694
163,0.14247262227581814
164,0.13299810176249593
165,0.14256624912377447
166,0.15309287706622854
167,0.18360232305712998
168,0.20527605095412582
169,0.1791019095107913
170,0.2251753993332386
171,0.1726215177332051
172,0.16894543345551938
173,0.2004006341448985
174,0.17764858744340017
175,0.15932728577172384
176,0.14689243416069075
177,0.13935790484538302
178,0.1840362234506756
179,0.17253245133906603
180,0.15373111894587055
181,0.17594212235417217
182,0.17225748958298936
183,0.15784648031694815
184,0.1351674008765258
185,0.11984608962666243
186,0.16455704398686066
187,0.16333067964296788
188,0.1908892410574481
189,0.20522668451303616
190,0.22295327950268984
191,0.2089379554381594
192,0.23885346757015213
193,0.2252970517729409
194,0.22054560645483434
195,0.24360956059535965
196,0.23833701922558248
197,0.23551270103780553
198,0.22196037881076336
199,0.20160190312890336
200,0.2178678244818002
201,0.24434931919677183
202,0.2629778469563462
203,0.26352252293145284
204,0.2669929010444321
205,0.26509037194773555
206,0.23245640529785305
207,0.22768732672557235
208,0.237073935684748
209,0.25132197921629995
210,0.23871271079406142
211,0.21978343575028703
212,0.18332491110777482
213,0.2171808813000098
214,0.19341038161655888
215,0.21261236863210797
216,0.22836499207187444
217,0.26506673061521724
218,0.22315942496061325
219,0.27060228132177144
220,0.220390958187636
221,0.19173373363446444
222,0.16946910752449185
223,0.19602850277442485
224,0.19034249079413712
225,0.17442147503606975
226,0.17706666007870808
227,0.16068081348203123
228,0.1462751976796426
229,0.23531861312221736
230,0.20760798547416925
231,0.1570173958898522
232,0.1694487220956944
233,0.2057622384163551
234,0.22493628761731088
235,0.2250498813809827
236,0.1724753804737702
237,0.16487593320198357
238,0.17338868824299425
239,0.19603363412898034
240,0.1752196287852712
241,0.17785898671718314
242,0.1839083102531731
243,0.2250716271228157
244,0.1529808639897965
245,0.1415109601803124
246,0.14420877757947892
247,0.21080960851395503
248,0.22265292436350137
249,0.19886198721360415
250,0.16779526480240747
251,0.17434770113322884
252,0.22430666128639132
253,0.23953938414342701
254,0.19278804044006392
255,0.18758644594345242
0,0.1492201560176909
1,0.11970300867687911
2,0.15463396097766235
3,0.1763307622168213
4,0.1506675464916043
5,0.18505491060204804
6,0.20620904077077284
7,0.19610303995432332
8,0.17333063652040437
9,0.17596646683523431
10,0.18152442440623417
11,0.19829272077186033
12,0.1696611064253375
13,0.1835228002164513
14,0.23394815908977762
15,0.1730543690500781
16,0.13227017695317045
17,0.13448877725750208
18,0.16158345172880217
19,0.15106549952179193
20,0.15959203924285248
21,0.19542265112977475
22,0.2375313529628329
23,0.18833741720300168
24,0.13240066514117643
25,0.1790110130677931
26,0.22992894594790414
27,0.18757722212467343
28,0.19213376654079184
29,0.22107429546304047
30,0.1923970760544762
31,0.17011248966446146
32,0.16640540963271633
33,0.14758137450553477
34,0.15562214580131695
35,0.16950256488053128
36,0.16725910088280216
37,0.16599505115300417
38,0.17156284966040403
39,0.19517085090046749
40,0.20214980887249112
41,0.18862645799526945
42,0.18146883900044486
43,0.15627328236587346
44,0.1862489901832305
45,0.182021850196179
46,0.15926372056128457
47,0.1999659317662008
48,0.18351739190984517
49,0.17295193864265457
50,0.18045533157419413
51,0.1650162810110487
52,0.19058357866015285
53,0.14341589069226757
54,0.17194809910142794
55,0.2023807648802176
56,0.1815350809483789
57,0.17828863579779863
58,0.17895045364275575
59,0.1918070029350929
60,0.20805535436375067
61,0.20476062421221286
62,0.23415720782941207
63,0.22154633473837748
64,0.2011519420775585
65,0.17103649186901748
66,0.15756106073968112
67,0.16167181998025626
68,0.20138789695920423
69,0.18980914272833616
70,0.12263602449093014
71,0.08680422749603167
72,0.10665053804405034
73,0.10792323393980041
74,0.08333757828222588
75,0.06855239602737129
76,0.0986753340694122
77,0.1424043623264879
78,0.135807222337462
79,0.06775278778513893
80,0.029577783367130905
81,0.028059082105755806
82,0.03971491742413491
83,0.06208264082670212
84,0.06782373320311308
85,0.074042372580152
86,0.03975850477581844
87,0.12164316914277151
88,0.04775887500727549
89,0.04815852240426466
90,0.037824737606570125
91,-0.004688697925303131
92,-0.006147445004899055
93,0.01678878633538261
94,0.012852649961132556
95,-0.051081768644507974
96,-0.01782092044595629
97,0.00367255718447268
98,-0.024632585991639644
99,-0.008981151506304741
100,0.03347412351286039
101,0.030484139162581414
102,0.07238139206310734
103,0.05273534537991509
104,0.02190360426902771
105,0.029666530259419233
106,0.029122217325493693
107,0.058337526221293956
108,0.04896091145928949
109,0.026428983779624104
110,0.023450924025382847
111,0.06487224367447197
112,0.10280498157953843
113,0.061151050962507725
114,0.10494430776452646
115,0.08914223738247529
116,0.06653821794316173
117,0.05275548453209922
118,0.0531447195680812
119,0.06816860643448308
120,0.0699938255129382
121,0.11133134586270899
122,0.17308489081915468
123,0.17228402575710788
124,0.12318740115733817
125,0.0819833175628446
126,0.08134361321572214
127,0.08655908715445548
128,0.09908287733560428
129,0.12329261575359851
130,0.11477338627446443
131,0.1462726024328731
132,0.14502987160813063
133,0.11451826361007988
134,0.1547985480283387
135,0.17110253643477336
136,0.1024918284965679
137,0.0618100932915695
138,0.12072139780502766
139,0.13415808632271364
140,0.10366442409576848
141,0.12542443140409887
142,0.1173869026824832
143,0.1513183502247557
144,0.16469971335027367
145,0.13463862315984443
146,0.12414459849242121
147,0.11757179111009464
148,0.12125526735326275
149,0.14005528629058972
150,0.1456498188781552
151,0.16635746270185336
152,0.17824681929778308
153,0.19109047920210287
154,0.18390928185544908
155,0.18113117292523384
156,0.11542537418426946
157,0.1293552119168453
158,0.14033302653115243
159,0.10006713279290125
160,0.1096330278669484
161,0.15918526536552235
162,0.1515711024403572
163,0.14738515252247453
164,0.15589043888030574
165,0.1390123037272133
166,0.13240871607558802
167,0.14776978502050042
168,0.14895576634444296
169,0.15794496762100607
170,0.1332564761978574
171,0.15349358646199107
172,0.21906434575794265
173,0.19182729575550184
174,0.12804973596939817
175,0.12048768589738756
176,0.07878954254556447
177,0.09180424042278901
178,0.12821236799936742
179,0.12552784226136282
180,0.15846075740410015
181,0.17035750183276832
182,0.1671095791971311
183,0.1604522264096886
184,0.15526998322457075
185,0.17790400772355497
186,0.18537428823765367
187,0.17136571876471862
188,0.1666508555645123
189,0.17462813737802207
190,0.1630770763149485
191,0.13544729765271768
192,0.13713721750536934
193,0.1193100176169537
194,0.10639275808352977
195,0.11935418716166168
196,0.1381465846206993
197,0.150075530691538
198,0.20979212049860507
199,0.1952495175646618
200,0.1607306771329604
201,0.14529892872087657
202,0.14794471074128523
203,0.12570533528923988
204,0.12740977969951928
205,0.12618391099385917
206,0.12203293410129845
207,0.11691343958955258
208,0.18400429066969082
209,0.19780034135328606
210,0.17986149177886546
211,0.14878232555929571
212,0.12068519258173183
213,0.1716690636239946
214,0.19865760719403625
215,0.14022459217812866
216,0.13604618760291487
217,0.13236283493461087
218,0.12283164210384712
219,0.13527031935518607
220,0.14719884924124926
221,0.16983861342305318
222,0.19975562411127612
223,0.2408396935206838
224,0.1852566163870506
225,0.12928409030428156
226,0.10121805482776836
227,0.11027810763334855
228,0.14468997297808528
229,0.1292800572118722
230,0.17195115919457749
231,0.16576146695297211
232,0.14348353346576914
233,0.15051578322891146
234,0.17802490707254037
235,0.1547487578354776
236,0.12858660734491423
237,0.1444255972164683
238,0.14121018047444522
239,0.10824154812144116
240,0.11240769823780283
241,0.16632672515697777
242,0.144045531807933
243,0.09545990393962711
244,0.10794133844319731
245,0.12283967877738178
246,0.13088150572730228
247,0.13549391413107514
248,0.1522941081202589
249,0.16662499360973015
250,0.14775653590913862
251,0.14160538354190066
252,0.14375833806116134
253,0.16786038328427821
254,0.1626485142041929
255,0.14768869092222303
0,0.1356822819216177
1,0.11589141562581062
2,0.13272407394833863
3,0.12171932350611314
4,0.1263450428377837
5,0.12608387338696048
6,0.13118929171469063
7,0.06896247336408123
8,0.08197455963818356
9,0.2364392073941417
10,0.2369572346797213
11,0.13892875908641145
12,0.08741963910870254
13,0.10332480381475762
14,0.0957848810357973
15,0.10777209745720029
16,0.13534898159559816
17,0.14677771733840927
18,0.14111126406351104
19,0.07154661731328815
20,0.06308632035506889
21,0.0941565987886861
22,0.08907084091333672
23,0.09277522878255695
24,0.11452325235586613
25,0.11330364446621388
26,0.11794019362423569
27,0.10890859237406403
28,0.09452653158223256
29,0.07821846794104204
30,0.08974654786288738
31,0.10222971223993227
32,0.0859075440093875
33,0.036440586554817855
34,0.10707190533867106
35,0.12879288714611903
36,0.10364173189736903
37,0.12878337007714435
38,0.12265791959362105
39,0.07995458389632404
40,0.043181115470360965
41,0.029401708277873695
42,0.017110263870563358
43,0.03264792793197557
44,0.04767010465729982
45,0.05046934413257986
46,0.05375138088129461
47,0.014096919330768287
48,0.05549554119352251
49,0.10023550217738375
50,0.08537846250692382
51,0.03298340493347496
52,0.000195228960365057
53,0.012835094355978072
54,0.04155146609991789
55,0.07802234549308196
56,0.08027901512105018
57,0.06496903876541182
58,0.049198295862879604
59,0.044675971555989236
60,0.02455048420233652
61,0.021535356994718313
62,0.052187031658831984
63,0.051561955304350704
64,0.04166880343109369
65,0.0547219876316376
66,0.04238383477786556
67,0.030555369856301695
68,0.04362808488076553
69,0.08594837371492758
70,0.06623674259753898
71,0.054365567630156875
72,0.06349283008603379
73,0.019916248915251344
74,0.013493424514308572
75,0.03245005686767399
76,0.0752775096334517
77,0.08534301345935091
78,0.06563180853845552
79,0.04985827940981835
80,0.044357477279845625
81,0.04520839039469138
82,0.06362023396650329
83,0.02784820512169972
84,0.04677857580827549
85,0.07250512629980221
86,0.033302156487479806
87,0.03173300425987691
88,0.056022509292233735
89,0.07587816991144791
90,0.09911338845267892
91,0.10718392016133294
92,0.06450380553724244
93,0.007263943436555564
94,-0.007431558275129646
95,0.050588332349434495
96,0.06215960567351431
97,0.036633819865528494
98,0.02676442131632939
99,0.057891700125765055
100,0.05725352669833228
101,0.07515460351714864
102,0.06521646573673934
103,0.059198651055339724
104,0.0751445687492378
105,0.07691447495017201
106,0.05575228144880384
107,-0.0034245356218889356
108,0.033609696256462485
109,0.03155031270580366
110,0.07486435992177576
111,0.08541559445438907
112,0.05155383097007871
113,0.03238753695040941
114,0.03911114385118708
115,0.02923593361629173
116,0.03547718084882945
117,0.048049308941699564
118,0.07669800787698478
119,0.05602311372058466
120,0.00708968163235113
121,0.04361644748132676
122,0.0664185569039546
123,0.06332415336510167
124,0.0192559483111836
125,0.02502641110913828
126,0.047373405657708645
127,0.06480217137141153
128,0.08219988830387592
129,0.06395371229154989
130,0.05354539351537824
131,0.04705825156997889
132,0.029362059314735234
133,0.055603522865567356
134,0.045209737261757255
135,0.08166770171374083
136,0.08830210182350129
137,0.0685808138223365
138,0.06987187941558659
139,0.08725951210362837
140,0.04900151106994599
141,0.038618673861492425
142,0.07313618733314797
143,0.08710269909352064
144,0.0542109080706723
145,0.05113613489083946
146,0.05733584426343441
147,0.10255226015578955
148,0.07890172227052972
149,0.04212116857524961
150,0.07419236161513254
151,0.07449640118284151
152,0.06309144129045308
153,0.05560941278235987
154,0.06521524593699723
155,0.07334037777036428
156,0.05413150292588398
157,0.05398270458681509
158,0.046516371599864215
159,0.08053026540437713
160,0.10179960110690445
161,0.06058652204228565
162,0.06042571959551424
163,0.05880156485363841
164,0.06498576170997694
165,0.044327259238343686
166,0.051024831424001604
167,0.10405594971962273
168,0.1106472242390737
169,0.08063805295387283
170,0.034095220384187996
171,0.02910201734630391
172,0.08948920830152929
173,0.07317696779500693
174,0.07006545964395627
175,0.043054834532085806
176,0.04243586945813149
177,0.028646052058320493
178,0.021710539935156703
179,0.04161892447154969
180,0.034172430634498596
181,0.10381902026711032
182,0.10211603867355734
183,0.09651313867652789
184,0.10409191920189187
185,0.10970568808261305
186,0.1177485539810732
187,0.12431341031333432
188,0.14208690816303715
189,0.17153696477180347
190,0.20532508817268535
191,0.17465701466426253
192,0.1494094419758767
193,0.16274641966447234
194,0.17654730728827417
195,0.20056821045000106
196,0.22796107892645523
197,0.2260340949287638
198,0.21679246198618785
199,0.22122662753099576
200,0.22711611312115565
201,0.21640796528663486
202,0.22767162916716188
203,0.25696529395645484
204,0.25547214300604537
205,0.24910276400623843
206,0.21688837924739346
207,0.16277771041495726
208,0.17218304553534836
209,0.20693948224652559
210,0.20797239732928574
211,0.21046669263159856
212,0.19441801874199882
213,0.1993749788380228
214,0.20481066993670538
215,0.19121033092960715
216,0.1859272467554547
217,0.20992410351755098
218,0.1948502148152329
219,0.15492255717981607
220,0.1501905740587972
221,0.20352061616722494
222,0.22455770609667525
223,0.19482094113482162
224,0.21636066283099353
225,0.24517951079178602
226,0.22077141667250544
227,0.1583542016451247
228,0.15019864263013005
229,0.14791149785742164
230,0.15636082703713328
231,0.15162302204407752
232,0.1747007017256692
233,0.20407914725365117
234,0.20803703361889347
235,0.20076706958934665
236,0.22326839837478474
237,0.2398752507288009
238,0.2018133100355044
239,0.17113634559791535
240,0.17124797659926116
241,0.168919900956098
242,0.16610784461954609
243,0.1833022689097561
244,0.19851448375266045
245,0.20784520352026448
246,0.22545243619242683
247,0.16204535361612216
248,0.17095203878125176
249,0.1920388284488581
250,0.21162433101562783
251,0.21166082104900852
252,0.17022986861411482
253,0.19717087026219815
254,0.1928414804278873
255,0.20461844274541363
0,0.2222283417941071
1,0.18663123715668917
2,0.16280538454884663
3,0.15121776820160449
4,0.12891784106614068
5,0.1466608060291037
6,0.15412723645567894
7,0.17084926995448768
8,0.2158365014474839
9,0.19488409190671518
10,0.18470122362487018
11,0.17697538185166195
12,0.17316575848963112
13,0.17180186382029206
14,0.2075165346614085
15,0.20999382890295237
16,0.16221809340640903
17,0.18087419983930886
18,0.19608196237822995
19,0.19321205274900422
20,0.16546670749085024
21,0.14313668780960143
22,0.17402147536631674
23,0.1726532105822116
24,0.18884961470030248
25,0.19769924925640225
26,0.1889703455963172
27,0.19830700242891908
28,0.17152604780858383
29,0.15454932511784136
30,0.13955389172770083
31,0.11434006446506828
32,0.15210316178854555
33,0.17809062608284876
34,0.21281292266212404
35,0.20112771209096536
36,0.214831005432643
37,0.2070443348493427
38,0.198783315543551
39,0.2037085344782099
40,0.1925257167313248
41,0.16184854792663828
42,0.16147214197553694
43,0.15280274086399004
44,0.14073355827713385
45,0.18917868146672845
46,0.21216941461898386
47,0.2356068383087404
48,0.2380248295958154
49,0.23995030391961336
50,0.21650390682043508
51,0.20236790203489363
52,0.18435389653313905
53,0.1658837371505797
54,0.14939750119810924
55,0.17001671675825492
56,0.17254869278986007
57,0.16580679680919275
58,0.18639607325894758
59,0.1274293438764289
60,0.17003940703580156
61,0.22330619080457836
62,0.2340353042818606
63,0.20230225945124403
64,0.20135963603388518
65,0.2082239290466532
66,0.1740965093486011
67,0.2044252894120291
68,0.18006096791941673
69,0.18013200059067458
70,0.16654289100551978
71,0.16273459774674848
72,0.15405433397972956
73,0.1795385685400106
74,0.16692516044713557
75,0.17384778714040294
76,0.1753915241570212
77,0.15644264547154307
78,0.15411398181458935
79,0.17179095972096547
80,0.1406515226699412
81,0.10371298273093998
82,0.09708641516044736
83,0.08803222241112962
84,0.12973011372378096
85,0.11817837791750208
86,0.11786746024154127
87,0.12292323156725615
88,0.1250427466002293
89,0.08373986691003665
90,0.092758490704
91,0.10322449740488082
92,0.11415960546582937
93,0.09238933020969853
94,0.11505169206066057
95,0.10401215148158371
96,0.09250420035095885
97,0.11175093316705897
98,0.11193726019700989
99,0.1262706592096947
100,0.1469204270397313
101,0.13435966288670897
102,0.17645991675090045
103,0.1770180964958854
104,0.1780628530541435
105,0.18495964392786846
106,0.1503768537659198
107,0.15927366365212947
108,0.18815617507789284
109,0.2135721735539846
110,0.2135746331186965
111,0.1877208297373727
112,0.18191438511712477
113,0.20099818910239264
114,0.2185842480394058
115,0.2249182421946898
116,0.22587431134888902
117,0.23609742987900972
118,0.22190964501351118
119,0.23604185989825055
120,0.2803951584501192
121,0.24661365058273077
122,0.24752891180105507
123,0.2542963277664967
124,0.27715029555838555
125,0.24386077630333602
126,0.2540484131895937
127,0.28421931009506807
128,0.2850653334753588
129,0.3000569836003706
130,0.2823357537272386
131,0.2724511044216342
132,0.2538023191737011
133,0.2400647207396105
134,0.258061227039434
135,0.25943855434888974
136,0.28666894719935954
137,0.28750676894560456
138,0.30541731388075277
139,0.2506062868051231
140,0.2744356435141526
141,0.30407642642967403
142,0.2887821234180592
143,0.2749780631274916
144,0.28119982848875225
145,0.2698475900106132
146,0.2472945876652375
147,0.3033246978302486
148,0.29583465930772945
149,0.257135207997635
150,0.27655792474979535
151,0.3076540597830899
152,0.290885433612857
153,0.26829195098252967
154,0.23549336171709
155,0.2856867231312208
156,0.290908535127528
157,0.2780702558811754
158,0.29062240588245913
159,0.3197386270039715
160,0.29367586970329285
161,0.2622926014009863
162,0.28560356952948496
163,0.3303379892022349
164,0.305718103190884
165,0.2904105520574376
166,0.24878595321206376
167,0.2711428999318741
168,0.2739458194701001
169,0.28942736599128693
170,0.267316703859251
171,0.29549317801138386
172,0.31142296676989645
173,0.3151277898577973
174,0.30760504270438105
175,0.28058126399992034
176,0.25409287214279175
177,0.2827778860228136
178,0.3167778442148119
179,0.3204703832161613
180,0.3124475180520676
181,0.2995599285932258
182,0.27791349234757945
183,0.2558172042481601
184,0.257664276228752
185,0.2707281557377428
186,0.27010867971694097
187,0.30168781633256003
188,0.3107694170321338
189,0.2739767304738052
190,0.2655440978705883
191,0.2493204573984258
192,0.2565419125603512
193,0.26228659722255543
194,0.258751563844271
195,0.27229706302750856
196,0.2804517578915693
197,0.26273560931440443
198,0.27090642292751
199,0.2946734228171408
200,0.27595501870382577
201,0.27434407942928374
202,0.25566090195206925
203,0.24676744535099715
204,0.245694950921461
205,0.2441361247911118
206,0.22452932089800015
207,0.20202989014796913
208,0.1922541259555146
209,0.2390857338323258
210,0.2741254693828523
211,0.23885250644525513
212,0.2153501373832114
213,0.2553093421156518
214,0.28056176588870585
215,0.2784494453808293
216,0.28560953901614994
217,0.2922686206875369
218,0.27159595309058204
219,0.24998386710649356
220,0.24597227206686512
221,0.2624570094048977
222,0.2652523302822374
223,0.22901446325704455
224,0.22406282171141356
225,0.23668213043129072
226,0.25366928707808256
227,0.2725772711564787
228,0.2651074833702296
229,0.2713102719280869
230,0.2579877155367285
231,0.24322486389428377
232,0.23678124911384657
233,0.23522717703599483
234,0.23416334023931995
235,0.2355402602115646
236,0.2647216745535843
237,0.27580049698008224
238,0.2731994805508293
239,0.25352798571111634
240,0.2607226349064149
241,0.24253602378303185
242,0.2297476443927735
243,0.25405802397290245
244,0.2773491420666687
245,0.2884022778016515
246,0.28528775280574337
247,0.2680307275732048
248,0.2561702430830337
249,0.26969848660519347
250,0.264664075919427
251,0.24841769225895405
252,0.25659214094048366
253,0.2784114016685635
254,0.28311681613558903
255,0.27171445870772004
0,0.25935622258111835
1,0.2709240503027104
2,0.277104587352369
3,0.2554664011695422
4,0.2504530487349257
5,0.2576443913858384
6,0.27653089992236346
7,0.29684697970515117
8,0.29078274947823957
9,0.2725326378713362
10,0.25772943306947127
11,0.2468548855977133
12,0.23941418976755813
13,0.265159961709287
14,0.2640279849874787
15,0.2502135641989298
16,0.22325139224994928
17,0.19292180793127045
18,0.2250902596861124
19,0.25720123847713694
20,0.27315582596929744
21,0.25883510388666764
22,0.278200882661622
23,0.2599675739184022
24,0.23542421037564054
25,0.22409593785414472
26,0.21961729123722762
27,0.2458806466893293
28,0.26234002981800586
29,0.23437564476625994
30,0.22938937798608094
31,0.22099666926078498
32,0.2296931782620959
33,0.23593464482109994
34,0.23972541891271248
35,0.2561931201489642
36,0.2638499207678251
37,0.24856387375621125
38,0.23086533742025495
39,0.22783328860532492
40,0.23456321452977136
41,0.2344509545364417
42,0.25726735923672095
43,0.2502841435489245
44,0.25599696848075837
45,0.2621870927978307
46,0.2820255440310575
47,0.26036128163104877
48,0.23727153154322878
49,0.23666339233750477
50,0.22776255023200065
51,0.23887890262994915
52,0.2548536153626628
53,0.2615304573555477
54,0.26282870798604563
55,0.2563186768675223
56,0.246892714407295
57,0.23358031787211075
58,0.2476106530521065
59,0.25332227657781914
60,0.2282889616326429
61,0.2257407225552015
62,0.2422227066126652
63,0.24891809152904898
64,0.24730778654338792
65,0.2359429985517636
66,0.2558202611398883
67,0.26931980752851814
68,0.24718208680860698
69,0.22069265425670892
70,0.21473950473591685
71,0.21806569007458165
72,0.20431096019456163
73,0.2281445924891159
74,0.23730011912994087
75,0.24107269127853215
76,0.2536194403655827
77,0.2378483519423753
78,0.21576287224888802
79,0.24445241293869913
80,0.24284407775849104
81,0.2295298731769435
82,0.23038652556715533
83,0.22733851248631254
84,0.24771223531570286
85,0.24999903183197603
86,0.22203482373151928
87,0.23558696056716144
88,0.22081950347637758
89,0.22998244891641662
90,0.2288839626708068
91,0.2394954067422077
92,0.24667269818019122
93,0.26310595986433327
94,0.2580443343613297
95,0.2476249651517719
96,0.2577133030281402
97,0.24534233286976814
98,0.22665092232637107
99,0.21335866482695565
100,0.22838483046507463
101,0.238505479588639
102,0.254949800320901
103,0.21916483051609248
104,0.20588404103182256
105,0.21750673349015415
106,0.23398692085174844
107,0.23921698273625225
108,0.2317533435416408
109,0.2130820964812301
110,0.21005478693405166
111,0.24020615534391254
112,0.21712822344852611
113,0.20433572388719767
114,0.21400660346262157
115,0.2178058028803207
116,0.20598679035902023
117,0.19711552310036495
118,0.19216247653821483
119,0.19892626255750656
120,0.19738431583391502
121,0.20706528931623325
122,0.21282596583478153
123,0.21711253485409543
124,0.22626962536014616
125,0.21687189198564738
126,0.20846619707299396
127,0.22300393373006955
128,0.24824815144529566
129,0.22417454980313778
130,0.17477526486618444
131,0.17961449560243636
132,0.19322610652307048
133,0.22535145131405443
134,0.23644195374799892
135,0.20946028031175956
136,0.2015522390138358
137,0.20536626206012443
138,0.18819574336521327
139,0.18130021350225434
140,0.18075865908758715
141,0.173387914954219
142,0.17383554490515962
143,0.16794008709257469
144,0.1805930394330062
145,0.20493158174213022
146,0.2072734449757263
147,0.19643893820466474
148,0.19147752929711714
149,0.1806704563787207
150,0.15768609760561958
151,0.16157391614979133
152,0.15911255800165236
153,0.1561674710828811
154,0.17664404993411154
155,0.1756186992279254
156,0.16483794013038278
157,0.15310036746086553
158,0.18333828472532332
159,0.1793728929478675
160,0.15980313631007448
161,0.13099877099739388
162,0.13395543477963656
163,0.15593269234523177
164,0.1627474066335708
165,0.16467128816293553
166,0.15781023725867271
167,0.16510869894409552
168,0.169954702781979
169,0.15430223586736247
170,0.13331099407514557
171,0.11186896526487544
172,0.12071138090686873
173,0.1217323443852365
174,0.10811587580246851
175,0.13403906620806083
176,0.13308440026594326
177,0.13993678014958277
178,0.13311704027000815
179,0.1321633696788922
180,0.13267472625011578
181,0.14391761185834184
182,0.1458712038001977
183,0.14294262061594054
184,0.12733497499721125
185,0.10980345017742366
186,0.115719563618768
187,0.10308678227011114
188,0.10023321968037635
189,0.11153214506339282
190,0.10671186220133677
191,0.10629059770144522
192,0.10391852306202054
193,0.10350188618758693
194,0.11528201476903632
195,0.12850458739558235
196,0.09243087522918358
197,0.09203394060023129
198,0.10090666933683679
199,0.09854299045400694
200,0.10496460890863091
201,0.11478959233500063
202,0.13093896803911775
203,0.10608026653062552
204,0.0895589446881786
205,0.10184982256032526
206,0.09850759390974417
207,0.1210270652663894
208,0.1342372567160055
209,0.12156785908155143
210,0.10940861259587109
211,0.12507809413364157
212,0.13096260442398489
213,0.12073748966213316
214,0.10760325420415029
215,0.1105911391787231
216,0.09991381224244833
217,0.09023098106263205
218,0.08885860838927329
219,0.0972454835427925
220,0.11683780769817531
221,0.1305409885244444
222,0.12860851048026234
223,0.12667925981804729
224,0.10475148493424058
225,0.10091283835936338
226,0.09366591542493552
227,0.08935879729688168
228,0.08310779510065913
229,0.08955179760232568
230,0.0920814365381375
231,0.08045885851606727
232,0.09471271128859371
233,0.0752796238521114
234,0.09832366008777171
235,0.11205752124078572
236,0.10088659403845668
237,0.1180305010639131
238,0.08977395750116557
239,0.09083829773589969
240,0.10116970841772854
241,0.08952947449870408
242,0.0940087370108813
243,0.09213787910994142
244,0.08392817934509367
245,0.09622252162080258
246,0.11142196785658598
247,0.08902998734265566
248,0.0813130522146821
249,0.06775551941245794
250,0.06690598896238953
251,0.06508216564543545
252,0.07643336243927479
253,0.08532504574395716
254,0.07273551356047392
255,0.06797378091141582
0,0.08224645105656236
1,0.11405616137199104
2,0.11556266201660037
3,0.08925899351015687
4,0.0727588398149237
5,0.05775141064077616
6,0.06423583009745926
7,0.0643666161922738
8,0.06205783039331436
9,0.059753046138212085
10,0.06184288766235113
11,0.08246712863910943
12,0.08549210708588362
13,0.09339005488436669
14,0.09981028910260648
15,0.09938910009805113
16,0.09604141628369689
17,0.07513701310381293
18,0.0713442723499611
19,0.035360214416868985
20,0.04090703546535224
21,0.05766443780157715
22,0.07048921415116638
23,0.06524074799381196
24,0.06829490629024804
25,0.06939214351586998
26,0.07439010357484221
27,0.07937907183077186
28,0.06679654365871102
29,0.047894233488477767
30,0.04122159827966243
31,0.0570017343852669
32,0.0854377985233441
33,0.06211139482911676
34,0.03980200598016381
35,0.04290023958310485
36,0.04794429487083107
37,0.04175882390700281
38,0.04338983097113669
39,0.04013939783908427
40,0.03884606284555048
41,0.022919535753317177
42,0.03921919083222747
43,0.04329365352168679
44,0.027846910408698022
45,0.023648044443689287
46,0.02531076699960977
47,0.04550870519597083
48,0.0505474335514009
49,0.03801462322007865
50,0.04989638435654342
51,0.03394965804181993
52,0.029251686646603048
53,0.017732145031914115
54,0.003305943449959159
55,0.00012584542855620384
56,0.00622049777302891
57,0.005474452627822757
58,0.019852998084388673
59,0.04493862867821008
60,0.04509942082222551
61,0.028673038934357464
62,0.02154488186351955
63,0.011014414252713323
64,0.010747425956651568
65,0.010968741960823536
66,0.001920543727464974
67,0.005084598087705672
68,0.0009253121679648757
69,-0.0017630469519644976
70,-0.005910172942094505
71,0.012391062336973846
72,0.03065978258382529
73,0.018649468198418617
74,0.022759418934583664
75,-0.001433122786693275
76,-0.01582575507927686
77,-0.01214244740549475
78,-0.00748996518086642
79,-0.014066226314753294
80,-0.014776617288589478
81,-0.003777382313273847
82,0.009153718943707645
83,0.013768437202088535
84,0.028131891158409417
85,0.03368854115251452
86,0.005085942102596164
87,-0.005415519350208342
88,-0.005653527099639177
89,-0.024917158531025052
90,-0.010972911608405411
91,-0.008761748438701034
92,0.0007632161723449826
93,0.0024657060857862234
94,-0.011933800182305276
95,-0.014111531432718039
96,-0.02945725794415921
97,-0.04428784269839525
98,-0.03909027448389679
99,-0.014875818393193185
100,-0.011681778123602271
101,-0.012396171572618186
102,-0.033111027092672884
103,-0.02598173834849149
104,-0.024231390212662518
105,-0.026874739909544587
106,-0.04707586613949388
107,-0.05016638454981148
108,-0.03178604308050126
109,-0.042221293901093304
110,-0.056052882107906044
111,-0.07034767069853842
112,-0.07925064326263964
113,-0.07203871314413846
114,-0.04142279096413404
115,-0.023057353333570063
116,-0.031068257056176662
117,-0.043455516337417066
118,-0.05338147422298789
119,-0.0647532664006576
120,-0.06781135592609644
121,-0.0752545369323343
122,-0.07487882161512971
123,-0.06377100921235979
124,-0.0726845683529973
125,-0.0664589119842276
126,-0.0651226801564917
127,-0.07208212686236948
128,-0.07902910222765058
129,-0.08450007566716522
130,-0.08069209742825478
131,-0.08664770412724465
132,-0.07795717287808657
133,-0.08245383307803422
134,-0.09621148288715631
135,-0.09433343051932752
136,-0.10026412492152303
137,-0.11057475884445012
138,-0.09745022736024112
139,-0.09117871162015945
140,-0.09516298584640026
141,-0.09426155977416784
142,-0.08214109169784933
143,-0.10321564867626876
144,-0.0925425315508619
145,-0.09798718872480094
146,-0.10098278592340648
147,-0.09177671547513455
148,-0.09673442551866174
149,-0.09338977129664272
150,-0.08956306078471243
151,-0.0896457836497575
152,-0.08289835217874497
153,-0.09372528258245438
154,-0.10648423130623996
155,-0.10604847292415798
156,-0.12122444296255708
157,-0.11588367784861475
158,-0.10713727900292724
159,-0.1032847169553861
160,-0.08577910007443279
161,-0.08635479002259672
162,-0.09083210211247206
163,-0.09334993048105389
164,-0.08854542742483318
165,-0.10033613257110119
166,-0.11210574337746948
167,-0.11165809084195644
168,-0.09803917177487165
169,-0.10639742016792297
170,-0.08742119593080133
171,-0.10067646624520421
172,-0.11927436548285186
173,-0.11832515161950141
174,-0.12176806421484798
175,-0.11203278705943376
176,-0.08280071569606662
177,-0.062401673407293856
178,-0.06887036876287311
179,-0.08898720133583993
180,-0.10516539437230676
181,-0.11643621977418661
182,-0.07597500667907298
183,-0.06680775980930775
184,-0.06643794057890773
185,-0.0816797954030335
186,-0.0890888967551291
187,-0.10672950150910765
188,-0.11946013930719346
189,-0.11997179524041712
190,-0.1082861638860777
191,-0.10247528064064682
192,-0.10399226704612374
193,-0.1098970235325396
194,-0.10554632311686873
195,-0.11535076051950455
196,-0.11294141795951873
197,-0.10516985144931823
198,-0.11936505872290581
199,-0.1296320918481797
200,-0.12378172087483108
201,-0.12916203611530364
202,-0.11599438625853509
203,-0.11260688491165638
204,-0.12727558019105345
205,-0.1282582973362878
206,-0.10826162120793015
207,-0.10147216427139938
208,-0.11957482807338238
209,-0.1274003613507375
210,-0.12496699951589108
211,-0.11717143771238625
212,-0.1108530752826482
213,-0.10015512781683356
214,-0.1143562434008345
215,-0.12121424940414727
216,-0.1246449543396011
217,-0.12026380957104266
218,-0.12028088211081922
219,-0.12712760013528168
220,-0.13591335085220635
221,-0.1251693842932582
222,-0.1217620101524517
223,-0.11250632267910987
224,-0.09936411131639034
225,-0.10478328529279679
226,-0.11360760463867337
227,-0.11753760045394301
228,-0.10780070105101913
229,-0.10344724252354354
230,-0.0854416189249605
231,-0.07185845868662
232,-0.09147293749265373
233,-0.12178509100340307
234,-0.12960224284324795
235,-0.12813620606902987
236,-0.12764826545026153
237,-0.13106376957148314
238,-0.12130111816804856
239,-0.12423964589834213
240,-0.12375782674644142
241,-0.11888603970874101
242,-0.10621715383604169
243,-0.11942651553545147
244,-0.12480667373165488
245,-0.12139582529198378
246,-0.12482070724945515
247,-0.11945805500727147
248,-0.13508218072820455
249,-0.14043355244211853
250,-0.139433182310313
251,-0.1379465205827728
252,-0.12426609138492495
253,-0.11743962205946445
254,-0.11501571640837938
255,-0.11845010367687792
0,-0.10529138846322894
1,-0.10483990760985762
2,-0.11073108145501465
3,-0.12197794346138835
4,-0.12783831963315606
5,-0.11466203327290714
6,-0.10736313206143677
7,-0.11568814294878393
8,-0.11765617108903825
9,-0.11083926272112876
10,-0.11476692964788526
11,-0.1201509841484949
12,-0.1245495940092951
13,-0.12064678804017603
14,-0.11821426427923143
15,-0.111395244137384
16,-0.0997096806531772
17,-0.10268013481982052
18,-0.10613300022669137
19,-0.11104310967493802
20,-0.11740786826703697
21,-0.12863961572293192
22,-0.1486324736615643
23,-0.14127013424877077
24,-0.14904391847085208
25,-0.1402168470667675
26,-0.12603890371974558
27,-0.13237553357612342
28,-0.1265045132022351
29,-0.12015587033238262
30,-0.11479400494135916
31,-0.12163766799494624
32,-0.12700544472318143
33,-0.1435839837649837
34,-0.12939846306107938
35,-0.12548272393178195
36,-0.14255118486471474
37,-0.163004047004506
38,-0.16341858601663262
39,-0.1623685882659629
40,-0.15400248451624066
41,-0.141748211462982
42,-0.13927242462523282
43,-0.142654983792454
44,-0.12944449472706765
45,-0.11430586676578969
46,-0.12407416419591755
47,-0.13236137828789651
48,-0.13331595552153885
49,-0.13670786458533257
50,-0.1425327731994912
51,-0.13761446753051132
52,-0.13709530548658222
53,-0.13755254342686385
54,-0.1497170942602679
55,-0.1447851441334933
56,-0.14815513137727976
57,-0.15298244333826005
58,-0.15243461937643588
59,-0.13969133759383112
60,-0.13623956602532417
61,-0.1474291344638914
62,-0.15225658437702805
63,-0.13756131916306913
64,-0.13411242328584194
65,-0.11408262175973505
66,-0.115065649850294
67,-0.13068217772524804
68,-0.13846520986407995
69,-0.13159877678845078
70,-0.12864710809662938
71,-0.13448173354845494
72,-0.1388422439340502
73,-0.1314864504383877
74,-0.12853413866832852
75,-0.1441250731004402
76,-0.14114988944493234
77,-0.1523273451020941
78,-0.14006803033407778
79,-0.12636671867221594
80,-0.11951940134167671
81,-0.12146530894096941
82,-0.10877214267384261
83,-0.09658918948844075
84,-0.11028363660443574
85,-0.12931991729419678
86,-0.12734474812168628
87,-0.1282999700633809
88,-0.12632620753720403
89,-0.12728283612523228
90,-0.15311779011972249
91,-0.15158716717269272
92,-0.14713193685747683
93,-0.13585451885592192
94,-0.12703614763449878
95,-0.130917270318605
96,-0.12405864847823977
97,-0.13526236824691296
98,-0.1288834692677483
99,-0.1259306255960837
100,-0.12151928339153528
101,-0.11077356338500977
102,-0.10736446152441204
103,-0.12542653596028686
104,-0.14004140940960497
105,-0.14097037934698164
106,-0.1448245629435405
107,-0.13306055206339806
108,-0.14083112112712115
109,-0.14858767099212855
110,-0.13437707256525755
111,-0.1440960253821686
112,-0.15233395074028522
113,-0.15031220926903188
114,-0.15902646689210087
115,-0.17894549435004592
116,-0.16565523692406714
117,-0.16068172408267856
118,-0.16644943482242525
119,-0.15318058640696108
120,-0.157497568288818
121,-0.13302362931426615
122,-0.13152177119627595
123,-0.14953627507202327
124,-0.15044389141257852
125,-0.14842257322743535
126,-0.1454289141111076
127,-0.14439173112623394
128,-0.1565280461218208
129,-0.17108180257491767
130,-0.17731603898573667
131,-0.18012399272993207
132,-0.18341452407184988
133,-0.16572147724218667
134,-0.1587922303006053
135,-0.16455907304771245
136,-0.15616783639416099
137,-0.1634023746009916
138,-0.15696407726500183
139,-0.15346404898446053
140,-0.16753250523470342
141,-0.18255141249392182
142,-0.17510237591341138
143,-0.16327566106338054
144,-0.16073879087343812
145,-0.17332944588270038
146,-0.1624807883054018
147,-0.1584810025524348
148,-0.17107488540932536
149,-0.16705931921023875
150,-0.15524505835492164
151,-0.16442897403612733
152,-0.16969354322645813
153,-0.1598252218682319
154,-0.16802452981937677
155,-0.17328192864079028
156,-0.17999326123390347
157,-0.18961947865318507
158,-0.19044704805128276
159,-0.1795645059319213
160,-0.15796835569199175
161,-0.13787384436000139
162,-0.14025578240398318
163,-0.16117147752083838
164,-0.17229282902553678
165,-0.1682708867592737
166,-0.1769398570759222
167,-0.16803064255509526
168,-0.1776751895667985
169,-0.19315650186035782
170,-0.1578738734824583
171,-0.1324105942621827
172,-0.13382393354550004
173,-0.13523455220274627
174,-0.14591155608650297
175,-0.15705721941776574
176,-0.13939983793534338
177,-0.14616596675477922
178,-0.16853097290731966
179,-0.16987855674233288
180,-0.14927033917047083
181,-0.13504049507901073
182,-0.14474023459479213
183,-0.15637391351629049
184,-0.17237731639761478
185,-0.18054647149983793
186,-0.16821123787667602
187,-0.147116384585388
188,-0.14557265676558018
189,-0.13427448889706284
190,-0.13860729185398668
191,-0.15268913353793323
192,-0.1525981513550505
193,-0.14811646135058254
194,-0.16218070301692933
195,-0.1532908802619204
196,-0.15466139873024076
197,-0.1662740382598713
198,-0.16908454010263085
199,-0.16262068052310497
200,-0.16007082164287567
201,-0.17899053019937128
202,-0.17494752712082118
203,-0.15676384698599577
204,-0.14056359557434916
205,-0.15122350270394236
206,-0.16040070145390928
207,-0.1627314854413271
208,-0.16310648387297988
209,-0.1605534733971581
210,-0.16532245557755232
211,-0.16813131899107248
212,-0.15678734937682748
213,-0.16205009201075882
214,-0.17364525224547833
215,-0.18961017834953964
216,-0.18359331728424877
217,-0.15856079442892224
218,-0.14284157194197178
219,-0.16227505914866924
220,-0.1792345466092229
221,-0.19811502832453698
222,-0.20769257005304098
223,-0.20456874067895114
224,-0.2131584765156731
225,-0.20465795893687755
226,-0.19714790664147586
227,-0.20721338980365545
228,-0.196283228113316
229,-0.19171418191399425
230,-0.18861648824531585
231,-0.18162121600471437
232,-0.18927350465673953
233,-0.2022782302228734
234,-0.2167230882914737
235,-0.196992626064457
236,-0.1919323125621304
237,-0.17175740632228553
238,-0.16576562973205
239,-0.18954293173737824
240,-0.18351901497226208
241,-0.1799447414232418
242,-0.20174460334237665
243,-0.18203839648049325
244,-0.1789537089644
245,-0.19050964259076864
246,-0.17862807377241552
247,-0.1784756607376039
248,-0.164175656856969
249,-0.17868379096034914
250,-0.20731346181128174
251,-0.18905860488303006
252,-0.18693483143579215
253,-0.19993780844379216
254,-0.19681841181591153
255,-0.19126500526908785
0,-0.1842576141934842
1,-0.21385094174183905
2,-0.21265698957722634
3,-0.1865845953579992
4,-0.2010495481081307
5,-0.20914648089092225
6,-0.20649606024380773
7,-0.19945939094759524
8,-0.19926476723048836
9,-0.196143088163808
10,-0.2047349838539958
11,-0.2133113007294014
12,-0.2218720525270328
13,-0.21968460688367486
14,-0.2292090398259461
15,-0.2118845833465457
16,-0.18727283913176507
17,-0.19002396264113486
18,-0.21960151742678136
19,-0.2291244580410421
20,-0.19130891375243664
21,-0.18429460807237774
22,-0.1772924658143893
23,-0.1849379031918943
24,-0.19403301598504186
25,-0.2128686245996505
26,-0.2087416173890233
27,-0.2095000835834071
28,-0.20342700614128262
29,-0.1924859150312841
30,-0.19815076340455562
31,-0.2008781551849097
32,-0.18262294156011194
33,-0.17415680410340428
34,-0.18131654569879174
35,-0.20358656300231814
36,-0.23167088732589036
37,-0.21384730865247548
38,-0.1619057091884315
39,-0.1515231232624501
40,-0.17725945310667157
41,-0.2044133486924693
42,-0.2212739089736715
43,-0.24932467646431178
44,-0.2504936276236549
45,-0.23604898515623063
46,-0.2367528920294717
47,-0.22818607126828283
48,-0.21280423470307142
49,-0.21842681930866092
50,-0.23330817907117307
51,-0.2349908626638353
52,-0.2239861509297043
53,-0.23544161289464682
54,-0.2473642104305327
55,-0.26072879030834883
56,-0.24674976489041
57,-0.22450176172424108
58,-0.2227825045119971
59,-0.24497047869954258
60,-0.2549224804388359
61,-0.25266021967399865
62,-0.2445474056294188
63,-0.23108228703495115
64,-0.25520497432444245
65,-0.2470864871283993
66,-0.2326400059973821
67,-0.21626741823274642
68,-0.21846176660619676
69,-0.24504425236955285
70,-0.24669892573729157
71,-0.24103255744557828
72,-0.23440017481334507
73,-0.23314552078954875
74,-0.23433196463156492
75,-0.23307669337373227
76,-0.22060278849676251
77,-0.22229826299007982
78,-0.23033239436335862
79,-0.22810709744226187
80,-0.22198261064477265
81,-0.2095266297692433
82,-0.20099521416705102
83,-0.17881889757700264
84,-0.1854646805441007
85,-0.21014873054809868
86,-0.2196653455030173
87,-0.22770117304753512
88,-0.21718416549265385
89,-0.212051811395213
90,-0.22253935737535357
91,-0.23788640613202006
92,-0.2380825545405969
93,-0.22510609426535666
94,-0.21264016651548445
95,-0.2123922259779647
96,-0.21165654296055436
97,-0.19726209912914783
98,-0.20728528092149645
99,-0.21875388105399907
100,-0.20873647916596383
101,-0.2050785522442311
102,-0.21459868096280843
103,-0.22019878576975316
104,-0.22578859992790967
105,-0.21917194267734885
106,-0.21939655346795917
107,-0.22791382763534784
108,-0.23641561844851822
109,-0.22977866569999605
110,-0.22608021972700953
111,-0.22580291633494198
112,-0.21284171158913523
113,-0.20526950794737786
114,-0.1933197962353006
115,-0.18675731995608658
116,-0.18752391438465565
117,-0.18682530883233994
118,-0.2046658556209877
119,-0.22930426837410778
120,-0.2460930101806298
121,-0.2330928521696478
122,-0.23426298785489053
123,-0.22908865730278194
124,-0.215629743761383
125,-0.20999994757585227
126,-0.2112096818163991
127,-0.2426634836010635
128,-0.23113046761136502
129,-0.21717832598369569
130,-0.2144711083965376
131,-0.21420759707689285
132,-0.21150497684720904
133,-0.20587973587680608
134,-0.2080697186756879
135,-0.2297693871660158
136,-0.24947877263184637
137,-0.24134545749984682
138,-0.22542064148001373
139,-0.22367132385261357
140,-0.21021641744300723
141,-0.2187382095726207
142,-0.21846326894592494
143,-0.21135860518552363
144,-0.2145110215060413
145,-0.20985194004606456
146,-0.20861573284491897
147,-0.2137234095716849
148,-0.22321230708621442
149,-0.23756248003337532
150,-0.21383468713611364
151,-0.1881972965784371
152,-0.19090028863865882
153,-0.2165270154364407
154,-0.24405928852502257
155,-0.24958914960734546
156,-0.2282771817408502
157,-0.2040756082860753
158,-0.21845664223656058
159,-0.2259819305036217
160,-0.2227608533576131
161,-0.21905729605350643
162,-0.19779745605774224
163,-0.18194137513637543
164,-0.20562881347723305
165,-0.24244575260672718
166,-0.2440719122532755
167,-0.23788923840038478
168,-0.21366680576466024
169,-0.20509816706180573
170,-0.2106919976649806
171,-0.21139708743430674
172,-0.20331933489069343
173,-0.21525735431350768
174,-0.20083006808999926
175,-0.20350274606607854
176,-0.22031793638598174
177,-0.22783381841145456
178,-0.21045576920732856
179,-0.19847456691786647
180,-0.21237024548463523
181,-0.23160723922774196
182,-0.23324719769880176
183,-0.22805401007644832
184,-0.22482107300311327
185,-0.22793553944211453
186,-0.2251899450784549
187,-0.22147317475173622
188,-0.23483731888700277
189,-0.23500547860749066
190,-0.21809830341953784
191,-0.20902636472601444
192,-0.21509347786195576
193,-0.23041858314536512
194,-0.24376472260337323
195,-0.2502569140633568
196,-0.23332049988675863
197,-0.22080441669095308
198,-0.2370932144112885
199,-0.22408186143729836
200,-0.18718872615136206
201,-0.17768026515841484
202,-0.1955078705213964
203,-0.2196455308003351
204,-0.23642227263189852
205,-0.24194835883099586
206,-0.2255111098056659
207,-0.2173960986547172
208,-0.2083194579463452
209,-0.19633151846937835
210,-0.19607289612758905
211,-0.21679186855908483
212,-0.223813978722319
213,-0.22009062045253813
214,-0.2144221350317821
215,-0.20437274791765958
216,-0.20165859442204237
217,-0.20577880751807243
218,-0.20306151395197958
219,-0.20717858977150172
220,-0.21128802874591202
221,-0.2105113611323759
222,-0.20680865470785648
223,-0.21530838531907648
224,-0.2179385127965361
225,-0.20983097958378494
226,-0.18905347352847457
227,-0.1790452073328197
228,-0.18368985538836569
229,-0.1990586130414158
230,-0.21098483458627015
231,-0.2053270349279046
232,-0.20406958437524736
233,-0.21013175777625293
234,-0.19862032309174538
235,-0.1934710320783779
236,-0.18881842563860118
237,-0.1988092097453773
238,-0.2092697873013094
239,-0.2011732531245798
240,-0.1862609115196392
241,-0.18698587524704635
242,-0.19795405550394207
243,-0.18499791738577187
244,-0.18962700385600328
245,-0.19180833385325968
246,-0.1739837370114401
247,-0.1737530268728733
248,-0.19889052514918149
249,-0.21812890516594052
250,-0.21098901284858584
251,-0.19800729339476675
252,-0.19578095769975334
253,-0.18477700953371823
254,-0.17086522211320698
255,-0.17795531160663813
0,-0.19039885431993753
1,-0.20038076397031546
2,-0.1961970537668094
3,-0.191044767270796
4,-0.20151244895532727
5,-0.20952198840677738
6,-0.2033693960402161
7,-0.1943003210471943
8,-0.18183210911229253
9,-0.1898753457935527
10,-0.18521996424533427
11,-0.19569583074189723
12,-0.1910295127891004
13,-0.19710382481571287
14,-0.1953614791855216
15,-0.20825734548270702
16,-0.19576191145461053
17,-0.18036126939114183
18,-0.18157450493890792
19,-0.1822974510723725
20,-0.1717983321286738
21,-0.15351202234160155
22,-0.16013816464692354
23,-0.18333910615183413
24,-0.2157676664646715
25,-0.22520947142038494
26,-0.20633899688255042
27,-0.20750345254782587
28,-0.19988425623159856
29,-0.20398661447688937
30,-0.19588517723605037
31,-0.1912127478281036
32,-0.19825665443204343
33,-0.21065406396519393
34,-0.19473396963439882
35,-0.2149425542447716
36,-0.23901769844815135
37,-0.23621810169424862
38,-0.20756718120537698
39,-0.19409007928334177
40,-0.19819911243394017
41,-0.21400887856725603
42,-0.20783709431998432
43,-0.18899190367665142
44,-0.17213126551359892
45,-0.19091316510457546
46,-0.20283154828939587
47,-0.201068717520684
48,-0.18516111944336444
49,-0.1902589191449806
50,-0.19437167211435735
51,-0.18628062563948333
52,-0.17283732816576958
53,-0.19600619468837976
54,-0.21620652836281806
55,-0.19978208525571972
56,-0.19997330685146153
57,-0.20016387302894145
58,-0.20328086987137794
59,-0.17565761436708272
60,-0.1763782873749733
61,-0.18685435329098254
62,-0.191945199505426
63,-0.20629580784589052
64,-0.20549733412917703
65,-0.19640654558315873
66,-0.1917222160845995
67,-0.1968028520932421
68,-0.20431339414790273
69,-0.1942477652337402
70,-0.19834728119894862
71,-0.2034148999955505
72,-0.21188813250046223
73,-0.2257123087765649
74,-0.2219490697607398
75,-0.22063140023965389
76,-0.19248410523869097
77,-0.18097330094315112
78,-0.196314265136607
79,-0.21553046093322337
80,-0.23568789148703218
81,-0.21239072538446635
82,-0.20181862590834498
83,-0.20541255874559283
84,-0.20509700500406325
85,-0.2335646942956373
86,-0.2507609740132466
87,-0.21816587238572538
88,-0.21489915496204048
89,-0.2165163739118725
90,-0.2195939221419394
91,-0.2051031463779509
92,-0.1838079101871699
93,-0.18986965832300484
94,-0.19396895333193243
95,-0.19562142540235072
96,-0.227029355824925
97,-0.23154954460915178
98,-0.22288945701438934
99,-0.21034161339048296
100,-0.20854836341459304
101,-0.21066074899863452
102,-0.2034999467432499
103,-0.19635153759736568
104,-0.18823981541208923
105,-0.19624116900376976
106,-0.19837383413687348
107,-0.21318643621634692
108,-0.22504531545564532
109,-0.22468659316655248
110,-0.20530209806747735
111,-0.20790483732707798
112,-0.20806338940747082
113,-0.19992792198900133
114,-0.20400277327280492
115,-0.2124606950674206
116,-0.1789483728352934
117,-0.1620820885291323
118,-0.18768823402933776
119,-0.21812709304504097
120,-0.23826676211319864
121,-0.22812374599743634
122,-0.2204376170411706
123,-0.19861720758490264
124,-0.19439774029888213
125,-0.17847711662761867
126,-0.19429457047954202
127,-0.19788744347169995
128,-0.20732779509853572
129,-0.18796805094461888
130,-0.19644969527143985
131,-0.19223193323705345
132,-0.2060717159183696
133,-0.20573902025353163
134,-0.18491699232254177
135,-0.16754657623823732
136,-0.1794775917660445
137,-0.19480207259766757
138,-0.23058863368351012
139,-0.23655258712824434
140,-0.22689445537980646
141,-0.20554477209225297
142,-0.1700850926572457
143,-0.17274021566845477
144,-0.18026882724370807
145,-0.17802683485206217
146,-0.17432499944698066
147,-0.18380134576000273
148,-0.18935779517050833
149,-0.19929470785427839
150,-0.19360253924969584
151,-0.17230904998723418
152,-0.17154269432649016
153,-0.181997922481969
154,-0.19292214629240334
155,-0.19846034550573677
156,-0.20545194041915238
157,-0.1704759057611227
158,-0.1623933205846697
159,-0.1674967136932537
160,-0.15990674472413957
161,-0.163550493423827
162,-0.17450522759463638
163,-0.1820253018522635
164,-0.1861168034374714
165,-0.18190733762457967
166,-0.15819115552585572
167,-0.13841961382422596
168,-0.16161354561336339
169,-0.1667156791081652
170,-0.1742477280786261
171,-0.1798147375229746
172,-0.1829323407728225
173,-0.18018994817975909
174,-0.17891568364575505
175,-0.17032568459399045
176,-0.13589474803302437
177,-0.11567231058143079
178,-0.10426685295533389
179,-0.11922525044064969
180,-0.14976802212186158
181,-0.15830318548250943
182,-0.17316496290732175
183,-0.17726743139792234
184,-0.1798987933434546
185,-0.21618668106384575
186,-0.18557467870414257
187,-0.1491625658236444
188,-0.12891383934766054
189,-0.14821651531383395
190,-0.13675028714351356
191,-0.1306705252500251
192,-0.12947982735931873
193,-0.12292471609544009
194,-0.14760329388082027
195,-0.1605294783366844
196,-0.15733348799403757
197,-0.1634120277594775
198,-0.15728332696016878
199,-0.15653158305212855
200,-0.14016980421729386
201,-0.13944797776639462
202,-0.1401907551335171
203,-0.13605351687874645
204,-0.13192340917885303
205,-0.12633688398636878
206,-0.1290534867439419
207,-0.13859492831397802
208,-0.1427528860513121
209,-0.14739108295179904
210,-0.1505572689929977
211,-0.12347104609943926
212,-0.10082334955222905
213,-0.11285288422368467
214,-0.12730011844541878
215,-0.1329402435803786
216,-0.13613090629223734
217,-0.13687645073514432
218,-0.14103538810741156
219,-0.14762595621868968
220,-0.13664207654073834
221,-0.13884936808608472
222,-0.11470875225495547
223,-0.10134346457198262
224,-0.09336807182990015
225,-0.1088233751943335
226,-0.11742119875270873
227,-0.123076485353522
228,-0.14189342083409429
229,-0.14018712285906076
230,-0.14336210920009762
231,-0.14311629824806005
232,-0.12286894780118018
233,-0.11582923762034625
234,-0.11709525308106095
235,-0.1149439022410661
236,-0.12206529383547604
237,-0.11892904876731336
238,-0.11335894686635584
239,-0.12438537320122123
240,-0.14075834793038666
241,-0.14929646800737828
242,-0.13684174639638513
243,-0.12782385607715696
244,-0.12613948923535645
245,-0.11762804770842195
246,-0.099862429080531
247,-0.11286259384360164
248,-0.11120407027192414
249,-0.11296324909199029
250,-0.1264274672139436
251,-0.1486488354858011
252,-0.17278190341312438
253,-0.16516175644937903
254,-0.1580427261069417
255,-0.1450819157762453
0,-0.13458312686998397
1,-0.11190657701808959
2,-0.10097845632117242
3,-0.0949480552226305
4,-0.09380668704397976
5,-0.09071580716408789
6,-0.09299659496173263
7,-0.07234435074497014
8,-0.07758458296302706
9,-0.09452372964005917
10,-0.10118785116355866
11,-0.09222885826602578
12,-0.08474916964769363
13,-0.07874617062043399
14,-0.07958357164170593
15,-0.09310339705552906
16,-0.1075747653376311
17,-0.09616434690542519
18,-0.07648062834050506
19,-0.08463904983364046
20,-0.10058841342106462
21,-0.11797284102067351
22,-0.10556751361582428
23,-0.10050175944343209
24,-0.09300560306292027
25,-0.07722920109517872
26,-0.07416472572367638
27,-0.07110557495616376
28,-0.06902743817772716
29,-0.06597718736156821
30,-0.07561628485564142
31,-0.07548119686543941
32,-0.06900421099271625
33,-0.0718077199999243
34,-0.08631447958759964
35,-0.08420852769631892
36,-0.08844820025842637
37,-0.08243540627881885
38,-0.08423871942795813
39,-0.10555260046385229
40,-0.11170519539155066
41,-0.11882238497491926
42,-0.10299791384022683
43,-0.07842012133914977
44,-0.08169315580744296
45,-0.09227796318009496
46,-0.10284383106045425
47,-0.09729180566500872
48,-0.09809150325600058
49,-0.07888787554111332
50,-0.08654983714222908
51,-0.09322236222214997
52,-0.09012594120576978
53,-0.08849841845221817
54,-0.09858198696747422
55,-0.11255027656443417
56,-0.11137031181715429
57,-0.10824087611399591
58,-0.1026775878854096
59,-0.10346603381913155
60,-0.11010708753019571
61,-0.11624832765664905
62,-0.10969444341026247
63,-0.10949404060374945
64,-0.09660978440660983
65,-0.09350520395673811
66,-0.09723585331812501
67,-0.09461770730558783
68,-0.08858912729192525
69,-0.0942794531583786
70,-0.10386230703443289
71,-0.09537762170657516
72,-0.09276202181354165
73,-0.11064051720313728
74,-0.11677875160239637
75,-0.11900312243960798
76,-0.10414869035594165
77,-0.09029616438783705
78,-0.09159136610105634
79,-0.08995703828986734
80,-0.09369179303757846
81,-0.11059165315236896
82,-0.10794742882717401
83,-0.11896746093407273
84,-0.11825939663685858
85,-0.11169823142699897
86,-0.0851467897882685
87,-0.08352258312515914
88,-0.09360947040840983
89,-0.07782237837091088
90,-0.0762107742484659
91,-0.0916765759466216
92,-0.10809046716894954
93,-0.11276670231018215
94,-0.09645701060071588
95,-0.09286016237456352
96,-0.10488067590631545
97,-0.12370954675134271
98,-0.12299088714644313
99,-0.114955595578067
100,-0.10400730464607477
101,-0.11308003892190754
102,-0.13579621689859778
103,-0.13115238293539733
104,-0.1006606655428186
105,-0.09754239348694682
106,-0.10760138789191842
107,-0.10544616298284382
108,-0.10914876905735582
109,-0.12211373180616647
110,-0.12383498798590153
111,-0.12165021139662713
112,-0.12873822578694671
113,-0.12800789019092917
114,-0.12435156386345625
115,-0.11143242951948196
116,-0.10585377085953951
117,-0.12565292441286147
118,-0.12736636435147375
119,-0.12566162762232125
120,-0.13030173780862242
121,-0.13590909843333066
122,-0.14296983054373413
123,-0.15538412344176322
124,-0.15509209141600877
125,-0.14211629633791745
126,-0.1364810293307528
127,-0.13622187613509595
128,-0.12523032096214592
129,-0.13133274938445538
130,-0.1271793358027935
131,-0.11473968764767051
132,-0.11939661030191928
133,-0.11672736215405166
134,-0.1247953154379502
135,-0.1328487463761121
136,-0.12478869850747287
137,-0.11527922155801207
138,-0.10481075232382864
139,-0.10606904630549252
140,-0.10634924378246069
141,-0.1158978792373091
142,-0.13225924328435212
143,-0.12810175016056746
144,-0.12492713110987097
145,-0.11297669564373791
146,-0.12056120275519788
147,-0.1334983763517812
148,-0.13958250160794705
149,-0.14175282372161746
150,-0.1278200977249071
151,-0.1285473359748721
152,-0.11073487205430865
153,-0.11539484863169491
154,-0.12590053968597203
155,-0.13833876815624535
156,-0.14441267517395318
157,-0.1348644468234852
158,-0.12484511150978506
159,-0.11337982618715614
160,-0.11364306078758091
161,-0.11292995361145586
162,-0.10831515316385776
163,-0.1090746991103515
164,-0.12007752270437777
165,-0.11984012648463249
166,-0.11765157186891884
167,-0.1315656874794513
168,-0.12545313918963075
169,-0.12862034956924617
170,-0.12543971510604024
171,-0.13007009075954556
172,-0.13810697209555656
173,-0.12807900574989617
174,-0.12489850784186274
175,-0.11879637429956347
176,-0.12343753490131348
177,-0.12465532612986863
178,-0.12538291094824672
179,-0.12464546307455748
180,-0.12732406065333635
181,-0.11536227399483323
182,-0.1136663428042084
183,-0.11636387137696147
184,-0.11417795077431947
185,-0.10858079802710563
186,-0.1068961926503107
187,-0.10862934240140021
188,-0.10792000533547252
189,-0.10721175686921924
190,-0.11821293877437711
191,-0.1213888389756903
192,-0.12797384161967784
193,-0.13210771209560335
194,-0.13428264332469553
195,-0.11645175062585622
196,-0.09865233360324055
197,-0.10674028634093702
198,-0.10944738623220474
199,-0.10434394562616944
200,-0.10559141985140741
201,-0.1087879027472809
202,-0.10758790955878794
203,-0.10834126791451126
204,-0.10519033635500818
205,-0.11521671840455383
206,-0.12327372515574098
207,-0.12204712722450495
208,-0.13106731383595616
209,-0.12787508801557124
210,-0.13249388907570392
211,-0.11124835885129869
212,-0.09930947970133275
213,-0.09958783106412739
214,-0.10571970150340348
215,-0.10598634649068117
216,-0.1121065216138959
217,-0.11382502468768507
218,-0.1296878760913387
219,-0.13186262478120625
220,-0.14135101775173098
221,-0.14155323582235724
222,-0.13785209076013416
223,-0.14245070819742978
224,-0.1563100393395871
225,-0.15989971614908427
226,-0.17323971795849502
227,-0.1719203331740573
228,-0.16523669590242207
229,-0.16539453086443245
230,-0.15530702529940754
231,-0.15889691736083478
232,-0.16687081253621727
233,-0.16653687681537122
234,-0.15742201486136764
235,-0.15466510655824095
236,-0.16166980064008385
237,-0.168661801610142
238,-0.16929910297039896
239,-0.17042285297065973
240,-0.17398357624188066
241,-0.1711956838844344
242,-0.1532891964307055
243,-0.14468336489517242
244,-0.1482887741876766
245,-0.14554552920162678
246,-0.14231907750945538
247,-0.13909812970086932
248,-0.14271254697814584
249,-0.14632032113149762
250,-0.14553083037026227
251,-0.13791264547035098
252,-0.138601177604869
253,-0.1417275065323338
254,-0.1453359075821936
255,-0.1372293308377266
0,-0.1374303395859897
1,-0.13567938387859613
2,-0.13344347523525357
3,-0.13901688682381064
4,-0.1289690607227385
5,-0.12332949962001294
6,-0.11135773838032037
7,-0.09794351563323289
8,-0.1040668583009392
9,-0.10920346935745329
10,-0.09530473209451884
11,-0.08289406506810337
12,-0.0836771879112348
13,-0.09275219636037946
14,-0.09254184097517282
15,-0.09330740838777274
16,-0.07553326082415879
17,-0.05583916383329779
18,-0.045936897280626
19,-0.0511754157487303
20,-0.062258722144179046
21,-0.06307745247613639
22,-0.05901615368202329
23,-0.051059192162938416
24,-0.0509218389634043
25,-0.05663882056251168
26,-0.048685829155147076
27,-0.04367396794259548
28,-0.05330636352300644
29,-0.06633650464937091
30,-0.06763506366405636
31,-0.04892945976462215
32,-0.027817753609269857
33,-0.026745239505544305
34,-0.027138129575178027
35,-0.047044182545505464
36,-0.05276723671704531
37,-0.045796009129844606
38,-0.03786139213480055
39,-0.025062327971681952
40,-0.0332633953075856
41,-0.030717201996594667
42,-0.025736243231222034
43,-0.036375210038386285
44,-0.05187370488420129
45,-0.0575876475777477
46,-0.03548404248431325
47,-0.01537101820576936
48,-0.012368346331641078
49,-0.016200852463953197
50,-0.03563765052240342
51,-0.04967355739790946
52,-0.047585494234226644
53,-0.03476841701194644
54,-0.03368238406255841
55,-0.05552706227172166
56,-0.044647078262642026
57,-0.03524988517165184
58,-0.027332864119671285
59,-0.03406528430059552
60,-0.028589507564902306
61,-0.028489731485024095
62,-0.0366834964370355
63,-0.034130007843486965
64,-0.04670427436940372
65,-0.06803739664610475
66,-0.06737939198501408
67,-0.048184242215938866
68,-0.03438942146021873
69,-0.027448906330391765
70,-0.029789774678647518
71,-0.014076079824008048
72,0.001121888984926045
73,-0.016880763578228652
74,-0.03533927211537957
75,-0.05522849305998534
76,-0.05947119032498449
77,-0.05687639384996146
78,-0.0533104200148955
79,-0.033163876039907336
80,-0.028176325606182218
81,-0.02953960548620671
82,-0.039193826261907816
83,-0.0551728616701439
84,-0.07697760930750519
85,-0.08410809200722724
86,-0.06780909816734493
87,-0.045684766257181764
88,-0.0372593771899119
89,-0.03275166975799948
90,-0.032154694898054004
91,-0.0359493576688692
92,-0.04022507299669087
93,-0.0552257796516642
94,-0.06873622129205614
95,-0.06563574890606105
96,-0.05229587841313332
97,-0.045809477334842086
98,-0.05592133826576173
99,-0.05186757689807564
100,-0.050748016918078065
101,-0.04767897422425449
102,-0.04803023859858513
103,-0.054234973969869316
104,-0.05701367370784283
105,-0.05881165503524244
106,-0.056215722230263054
107,-0.05411215778440237
108,-0.05006085254717618
109,-0.046992356539703906
110,-0.05563757650088519
111,-0.06963368144351989
112,-0.06555446516722441
113,-0.05611606524325907
114,-0.04669433506205678
115,-0.037777107674628496
116,-0.036193367443047464
117,-0.04729641857556999
118,-0.054476900259032845
119,-0.062132393941283226
120,-0.06782280642073601
121,-0.0696002272889018
122,-0.059178193332627416
123,-0.04828672332223505
124,-0.05107424734160304
125,-0.06458938785362989
126,-0.05856652616057545
127,-0.04621224803850055
128,-0.03875830792821944
129,-0.05180714011657983
130,-0.06239348277449608
131,-0.06125258910469711
132,-0.07133411790709943
133,-0.0804219386773184
134,-0.08656641095876694
135,-0.07172239094506949
136,-0.06910080346278846
137,-0.06355667638126761
138,-0.0589979876531288
139,-0.05249591008760035
140,-0.057713635615073144
141,-0.061458463431335986
142,-0.0764170385664329
143,-0.06012668856419623
144,-0.04484086355660111
145,-0.03933906019665301
146,-0.034822658519260585
147,-0.050315971253439784
148,-0.061391066876240075
149,-0.06268944952171296
150,-0.060082647716626525
151,-0.0628467018250376
152,-0.0563366460846737
153,-0.05910716357175261
154,-0.0574820403708145
155,-0.053420474170707166
156,-0.05180527304764837
157,-0.06043765658978373
158,-0.07637233124114573
159,-0.07325253647286445
160,-0.05842982407193631
161,-0.04070625244639814
162,-0.043991531478241086
163,-0.03556256624870002
164,-0.05105304182507098
165,-0.06602808460593224
166,-0.06390176899731159
167,-0.05543710966594517
168,-0.058207886293530464
169,-0.060973651125095785
170,-0.06080732343252748
171,-0.06161689024884254
172,-0.06144922715611756
173,-0.06323315459303558
174,-0.07038013846613467
175,-0.0677573693683371
176,-0.0739204065175727
177,-0.07665745087433606
178,-0.07158395310398191
179,-0.06359226547647268
180,-0.06342022807803005
181,-0.05885776784271002
182,-0.055279010673984885
183,-0.059999929391779006
184,-0.06227313296403736
185,-0.05332170787733048
186,-0.04243470204528421
187,-0.048641624744050205
188,-0.06508224888239056
189,-0.07661510282196105
190,-0.07788255962077528
191,-0.06743930093944073
192,-0.062380801886320114
193,-0.0607461187755689
194,-0.05277222429867834
195,-0.04188531858380884
196,-0.040286781382746994
197,-0.0557656834134832
198,-0.06438714789692312
199,-0.07445674506016076
200,-0.07670278439763933
201,-0.06577283004298806
202,-0.06217989232391119
203,-0.06298386387061328
204,-0.05110227153636515
205,-0.03875384770799428
206,-0.04057486751116812
207,-0.043368285056203604
208,-0.03786326525732875
209,-0.041637064539827406
210,-0.04735548701137304
211,-0.04916090110782534
212,-0.04413316573482007
213,-0.04155352560337633
214,-0.04141763795632869
215,-0.05299026798456907
216,-0.05624885740689933
217,-0.04047551692929119
218,-0.035950613440945745
219,-0.03289723000489175
220,-0.02106795960571617
221,-0.013650288339704275
222,-0.016978411935269833
223,-0.023227685247547925
224,-0.03483214904554188
225,-0.04251317260786891
226,-0.05115618591662496
227,-0.06905287597328424
228,-0.0703308628872037
229,-0.058922432363033295
230,-0.04655847046524286
231,-0.03421638789586723
232,-0.027750336565077305
233,-0.028613435453735292
234,-0.028987109195441008
235,-0.041068415623158216
236,-0.05166466278024018
237,-0.05980277655180544
238,-0.05914508947171271
239,-0.05068291549105197
240,-0.04516277241054922
241,-0.04843361536040902
242,-0.05316211690660566
243,-0.04227101674769074
244,-0.03627766331192106
245,-0.020537942531518638
246,-0.011656002257950604
247,-0.02376725967042148
248,-0.042686841217800975
249,-0.043522402294911444
250,-0.04094147740397602
251,-0.03348659537732601
252,-0.026532744406722486
253,-0.016664113383740187
254,-0.02047271013725549
255,-0.025738055119290948
0,-0.02904261986259371
1,-0.023560015251860023
2,-0.039552400819957256
3,-0.0501500052632764
4,-0.060240866150707006
5,-0.05470259243156761
6,-0.0442955904873088
7,-0.0368340821005404
8,-0.03280069725587964
9,-0.025359489023685455
10,-0.030615489464253187
11,-0.048058298765681684
12,-0.04741970123723149
13,-0.046782162389717996
14,-0.031998102203942835
15,-0.03236351627856493
16,-0.04492441960610449
17,-0.06185357749927789
18,-0.0787525784689933
19,-0.06732629076577723
20,-0.04957816645037383
21,-0.03527640993706882
22,-0.03709896118380129
23,-0.031600503949448466
24,-0.030502388020977378
25,-0.033308954210951924
26,-0.030256313970312476
27,-0.03550245438236743
28,-0.04708124219905585
29,-0.057175854220986366
30,-0.05164132977370173
31,-0.05587350227870047
32,-0.0600980716990307
33,-0.0565094844205305
34,-0.044633770594373345
35,-0.04741449991706759
36,-0.03945756983011961
37,-0.0412716573337093
38,-0.02844703139271587
39,-0.02735347324050963
40,-0.02528611826710403
41,-0.03005226014647633
42,-0.04066406283527613
43,-0.04296355019323528
44,-0.07209050375968218
45,-0.08701804629527032
46,-0.08679567207582295
47,-0.07291382376570255
48,-0.05564157525077462
49,-0.05205963901244104
50,-0.05189891345798969
51,-0.05368978134356439
52,-0.06621003150939941
53,-0.07334162283223122
54,-0.08972953946795315
55,-0.09486772259697318
56,-0.0809705771971494
57,-0.08026986394543201
58,-0.08200950536411256
59,-0.09106364229228348
60,-0.08253904653247446
61,-0.07793223671615124
62,-0.0811390447197482
63,-0.07994940259959549
64,-0.07339542300906032
65,-0.07417067827191204
66,-0.08177430566865951
67,-0.06741116242483258
68,-0.06429390946868807
69,-0.06557271804194897
70,-0.06489776214584708
71,-0.047149237245321274
72,-0.03626201755832881
73,-0.03563887067139149
74,-0.042334487196058035
75,-0.0407247394323349
76,-0.05521675618365407
77,-0.06529232498724014
78,-0.06461725465487689
79,-0.058576957671903074
80,-0.06327993958257139
81,-0.06504738563671708
82,-0.06193311489187181
83,-0.05882427585311234
84,-0.04937884584069252
85,-0.04434073646552861
86,-0.050531996763311327
87,-0.06842052610591054
88,-0.07749592850450426
89,-0.07045612460933626
90,-0.06196516670752317
91,-0.06422183359973133
92,-0.056717440485954285
93,-0.039957178640179336
94,-0.03298356430605054
95,-0.029925060458481312
96,-0.02882332995068282
97,-0.04284678481053561
98,-0.05586957756895572
99,-0.056185121880844235
100,-0.04235243797302246
101,-0.03586196154356003
102,-0.045969769707880914
103,-0.05849879642482847
104,-0.06710270408075303
105,-0.06690997222904116
106,-0.07305949542205781
107,-0.06358686205931008
108,-0.06144866126123816
109,-0.06663187313824892
110,-0.0708300817059353
111,-0.07453287625685334
112,-0.07042341772466898
113,-0.0697360773338005
114,-0.05978074355516583
115,-0.04594021092634648
116,-0.029684942914173007
117,-0.022239746525883675
118,-0.02944316144566983
119,-0.056635489920154214
120,-0.07255895319394767
121,-0.061622412293218076
122,-0.05753505846951157
123,-0.052967023686505854
124,-0.04060145479161292
125,-0.04484459524974227
126,-0.04908013064414263
127,-0.04501465952489525
128,-0.04632265877444297
129,-0.04177409177646041
130,-0.033818602096289396
131,-0.04392754449509084
132,-0.04865214508026838
133,-0.053856127662584186
134,-0.06490495579782873
135,-0.07251913053914905
136,-0.049873121781274676
137,-0.04434190900065005
138,-0.03003919031471014
139,-0.02795800950843841
140,-0.03417388838715851
141,-0.0476963899563998
142,-0.07339099526870996
143,-0.06342698936350644
144,-0.0607982890214771
145,-0.054759226622991264
146,-0.022387031698599458
147,-0.00031707994639873505
148,-0.029022461269050837
149,-0.05182265758048743
150,-0.0716552030062303
151,-0.05974232964217663
152,-0.046386970672756433
153,-0.0379337283084169
154,-0.035349605372175574
155,-0.0210616736439988
156,-0.0331428466597572
157,-0.041299735428765416
158,-0.040660819970071316
159,-0.03758373646996915
160,-0.03792699030600488
161,-0.046075136167928576
162,-0.05567228386644274
163,-0.03842068696394563
164,-0.042177106719464064
165,-0.04153616132680327
166,-0.04382337396964431
167,-0.03634950495325029
168,-0.034743019728921354
169,-0.05314108217135072
170,-0.05540742422454059
171,-0.044497770140878856
172,-0.04482791048940271
173,-0.05052371707279235
174,-0.05133085523266345
175,-0.057990649598650634
176,-0.062199289444833994
177,-0.06396112125366926
178,-0.08035514981020242
179,-0.0737911076284945
180,-0.03894344426225871
181,-0.025622887420468032
182,-0.033791234134696424
183,-0.05414121365174651
184,-0.06177093763835728
185,-0.04060401057358831
186,-0.0331343348370865
187,-0.0417768390616402
188,-0.047964694327674806
189,-0.04828731599263847
190,-0.06129332515411079
191,-0.04110251006204635
192,-0.018020394491031766
193,-0.005711880978196859
194,-0.016841896227560937
195,-0.03624553163535893
196,-0.048296943539753556
197,-0.041788673494011164
198,-0.04553669213782996
199,-0.04293596593197435
200,-0.0203380387974903
201,-0.009000698453746736
202,-0.015733833773992956
203,-0.03221194026991725
204,-0.043782262480817735
205,-0.04216008714865893
206,-0.04200426838360727
207,-0.03697018383536488
208,-0.022188028087839484
209,-0.0006022179732099175
210,-0.0005200274754315615
211,-0.020927579258568585
212,-0.03495684522204101
213,-0.03530141361989081
214,-0.03369392442982644
215,-0.029162150574848056
216,-0.027565462631173432
217,-0.031825737096369267
218,-0.03607839695177972
219,-0.02959080203436315
220,-0.016284813988022506
221,-0.024955566390417516
222,-0.01751191366929561
223,-0.008130060159601271
224,-0.0007162420079112053
225,0.0032694804249331355
226,-0.015680715208873153
227,-0.03996356145944446
228,-0.04078654572367668
229,-0.03526598564349115
230,-0.019510373007506132
231,-0.02036952238995582
232,-0.010982315172441304
233,-0.016735032433643937
234,-0.04004002164583653
235,-0.042326122522354126
236,-0.0236306517617777
237,-0.018140223575755954
238,-0.014610905083827674
239,-0.012551373103633523
240,-0.009519782848656178
241,-0.008932798285968602
242,-0.012249622493982315
243,-0.005803586565889418
244,-0.0052231576992198825
245,-0.022206263500265777
246,-0.025011600460857153
247,-0.01512787933461368
248,-0.005749532021582127
249,-0.02614652831107378
250,-0.02796906011644751
251,-0.02490983554162085
252,-0.02136815618723631
253,-0.011490712873637676
254,-0.0065092656295746565
255,-0.009342213743366301
0,-0.008755184360779822
1,-0.0013393170665949583
2,-0.003693566541187465
3,-0.006043630186468363
4,-0.012292292318306863
5,0.0004962154198437929
6,-0.013081753277219832
7,-0.034929001587443054
8,-0.026490853633731604
9,-0.02050688466988504
10,-0.008679337101057172
11,-0.011020356207154691
12,-0.02506554266437888
13,-0.024450324359349906
14,-0.02529970242176205
15,-0.011512105586007237
16,-0.006042380002327263
17,-0.008387917536310852
18,-0.022925466648302972
19,-0.02133819740265608
20,-0.00023980962578207254
21,0.008624927140772343
22,0.006253416649997234
23,-0.0034316066885367036
24,-0.006269562058150768
25,-0.003248297842219472
26,0.0065974731696769595
27,-0.0006489130901172757
28,-0.005931041552685201
29,-0.004861763562075794
30,0.012792440713383257
31,0.021146175102330744
32,0.014849616214632988
33,0.010027756565250456
34,0.017898479127325118
35,-0.0030278079211711884
36,-0.01367213495541364
37,-0.008198571274988353
38,-0.016882292460650206
39,-0.025062721106223762
40,-0.016641767811961472
41,-0.014577758498489857
42,0.0021180359181016684
43,0.01146646891720593
44,0.026164608309045434
45,0.024249791633337736
46,0.019411250832490623
47,0.009702794952318072
48,0.001962952082976699
49,0.00399380037561059
50,0.00894812133628875
51,0.009990851278416812
52,-0.0026280181482434273
53,-0.00937030662316829
54,-0.011222133529372513
55,0.0010769248474389315
56,-0.0012812830973416567
57,-0.0036353024188429117
58,0.008162443875335157
59,0.008718734956346452
60,0.0039077019318938255
61,0.006910765427164733
62,0.02308037073817104
63,0.016292393091134727
64,0.007565052481368184
65,0.0008045858703553677
66,-0.014725134475156665
67,-0.012664744979701936
68,-0.0018267376581206918
69,0.006064943503588438
70,0.013454755302518606
71,0.02131927222944796
72,0.008192346198484302
73,0.0014307335950434208
74,0.000535294646397233
75,0.0025685305008664727
76,0.008988780435174704
77,0.021739634685218334
78,0.018368844874203205
79,0.015004011220298707
80,0.016523603815585375
81,0.012186301522888243
82,0.005905290832743049
83,0.014270850108005106
84,0.024085076060146093
85,0.028027667314745486
86,0.01732778688892722
87,0.009086115402169526
88,-0.001092327293008566
89,-0.011740543297491968
90,-0.017979205935262144
91,-0.019816134474240243
92,-0.02311331348028034
93,-0.02055043028667569
94,-0.011162199429236352
95,-0.0017906203866004944
96,0.018784815561957657
97,0.022736871731467545
98,0.013022142578847706
99,0.0028367944760248065
100,-0.00001275970134884119
101,-0.005296492017805576
102,0.002113202470354736
103,0.009021889418363571
104,0.006649191374890506
105,-0.008403340820223093
106,-0.01464787672739476
107,-0.0072215700056403875
108,0.003606495214626193
109,0.007097615278325975
110,0.00814328738488257
111,0.015041260863654315
112,0.013145706499926746
113,0.006375021417625248
114,0.009861147031188011
115,0.008950439048931003
116,0.018286132835783064
117,0.030044459272176027
118,0.03348845220170915
119,0.019851612159982324
120,0.012580972164869308
121,0.008250307175330818
122,0.022953374311327934
123,0.022994871018454432
124,0.011327916290611029
125,-0.005196816171519458
126,-0.007544620428234339
127,-0.0074490063125267625
128,-0.0058900072472169995
129,-0.009212242672219872
130,-0.007650088984519243
131,-0.007066392456181347
132,-0.0074594158213585615
133,-0.011266662972047925
134,-0.01214004645589739
135,-0.004718451527878642
136,0.0031778207048773766
137,-0.0011361214565113187
138,-0.004954554489813745
139,0.0009907513158395886
140,0.004974109237082303
141,0.0016326730838045478
142,-0.009020546451210976
143,-0.01623990328516811
144,-0.013201617053709924
145,-0.0072416189359501
146,0.009928302140906453
147,0.004138885415159166
148,-0.0026159536791965365
149,-0.008870946825481951
150,-0.010236344649456441
151,-0.014526387094520032
152,0.0007051132852211595
153,0.007128311903215945
154,0.00671022804453969
155,0.009219962055794895
156,0.007822444313205779
157,0.003988157492130995
158,0.00113636814057827
159,-0.013418701710179448
160,-0.017215259722433984
161,-0.012223793542943895
162,-0.009192561032250524
163,-0.007142391405068338
164,-0.00899863091763109
165,-0.0006067617796361446
166,0.005818817997351289
167,0.008330199052579701
168,0.005958631518296897
169,0.015299607766792178
170,0.010476394556462765
171,-0.013364326441660523
172,-0.021551573183387518
173,-0.017528060008771718
174,-0.017414443311281502
175,-0.025594409555196762
176,-0.03278411633800715
177,-0.027276968234218657
178,-0.012998299673199654
179,-0.010453304857946932
180,-0.0005950985942035913
181,0.002903586020693183
182,0.006396054290235043
183,0.0035402923822402954
184,0.007519462029449642
185,-0.0011924828868359327
186,0.004258622764609754
187,0.0018944815965369344
188,-0.002416855189949274
189,-0.0062326856423169374
190,-0.012480968609452248
191,-0.01920598524156958
192,-0.020064860000275075
193,-0.012628769152797759
194,-0.005693709594197571
195,-0.00950360088609159
196,-0.02160012151580304
197,-0.023430330445989966
198,-0.013061063713394105
199,-0.002710187458433211
200,0.009573704446665943
201,0.011590971145778894
202,0.01555602834559977
203,0.019026173278689384
204,0.01663595554418862
205,0.0059565468691289425
206,0.0011502618435770273
207,0.002206679666414857
208,-0.0030808004084974527
209,-0.015188752906396985
210,-0.020933164632879198
211,-0.01983747782651335
212,-0.00703536334913224
213,-0.004012920311652124
214,-0.015143416938371956
215,0.00008964200969785452
216,0.002611616626381874
217,-0.010969860246405005
218,-0.013306711218319833
219,-0.010273068561218679
220,-0.00870833860244602
221,-0.013488392112776637
222,-0.0006974240532144904
223,0.005240967846475542
224,0.009217417216859758
225,0.010747553431428969
226,0.0064207849791273475
227,-0.011070195236243308
228,-0.030969339422881603
229,-0.03668552276212722
230,-0.015559882624074817
231,-0.00032589875627309084
232,0.011953951558098197
233,-0.005546722910366952
234,0.0018639113986864686
235,-0.0014712619595229626
236,0.0015415070811286569
237,0.012842333293519914
238,0.0236352258361876
239,0.02953044220339507
240,0.03931792464572936
241,0.033476844895631075
242,0.04179366258904338
243,0.05107134266290814
244,0.04862412693910301
245,0.03886346623767167
246,0.03399855038151145
247,0.025727286119945347
248,0.020397752756252885
249,0.025810296298004687
250,0.03170103637967259
251,0.028312163427472115
252,0.03858899441547692
253,0.0483596702106297
254,0.049819511943496764
255,0.041519731748849154
0,0.03860094607807696
1,0.03861436725128442
2,0.03472492308355868
3,0.024988159188069403
4,0.02404990023933351
5,0.023601117078214884
6,0.0221773978555575
7,0.02026832429692149
8,0.018850456224754453
9,0.014995837467722595
10,0.017002210253849626
11,0.015102213015779853
12,0.01857188914436847
13,0.023498917696997523
14,0.02890500845387578
15,0.03381360706407577
16,0.03627419890835881
17,0.036778974113985896
18,0.03191647178027779
19,0.03047748561948538
20,0.023674683063291013
21,0.022250245325267315
22,0.014974130899645388
23,0.00868660700507462
24,0.009240099345333874
25,0.017110307700932026
26,0.027405752683989704
27,0.03621933190152049
28,0.04111442365683615
29,0.030877484707161784
30,0.03090347209945321
31,0.029953669058158994
32,0.025102725252509117
33,0.025138829951174557
34,0.03298039245419204
35,0.029587485478259623
36,0.030103336554020643
37,0.03549669950734824
38,0.031123479246161878
39,0.025294431834481657
40,0.019963541766628623
41,0.01708132342901081
42,0.03030316566582769
43,0.024475428042933345
44,0.014267371851019561
45,0.020176387624815106
46,0.021196403889916837
47,0.023678118479438126
48,0.025667541660368443
49,0.02960478200111538
50,0.02329018572345376
51,0.021377392928116024
52,0.02239504805766046
53,0.03316781215835363
54,0.036603682790882885
55,0.03417922370135784
56,0.02883193059824407
57,0.027396866236813366
58,0.022061526775360107
59,0.024053338798694313
60,0.02945650927722454
61,0.03387434466276318
62,0.026575940428301692
63,0.020753995864652097
64,0.02421145956031978
65,0.03351691667921841
66,0.03792732302099466
67,0.03842705744318664
68,0.03941369173116982
69,0.04381344502326101
70,0.041375450673513114
71,0.0399174151243642
72,0.03407127701211721
73,0.028723313356749713
74,0.02728758007287979
75,0.03170852386392653
76,0.036121567944064736
77,0.03564824373461306
78,0.03127292252611369
79,0.025441778590902686
80,0.029377899132668972
81,0.029404203523881733
82,0.027966872788965702
83,0.027507744263857603
84,0.029488625819794834
85,0.04073504719417542
86,0.047082959790714085
87,0.05293167941272259
88,0.04950082686264068
89,0.04558813967742026
90,0.03826739534270018
91,0.03632591187488288
92,0.03146073315292597
93,0.026604143204167485
94,0.02761030476540327
95,0.040810825885273516
96,0.0427673498634249
97,0.052525893319398165
98,0.04811944765970111
99,0.05591693869791925
100,0.05540708790067583
101,0.05099527444690466
102,0.04463982337620109
103,0.03975912928581238
104,0.03732627595309168
105,0.038800464128144085
106,0.035881345393136144
107,0.03687013336457312
108,0.03590571752283722
109,0.040797127527184784
110,0.04811902646906674
111,0.04567089700140059
112,0.04371489037293941
113,0.03981089673470706
114,0.043719333596527576
115,0.049084304249845445
116,0.04468272009398788
117,0.048094441764988005
118,0.05491496284957975
119,0.05001494474709034
120,0.04268431046511978
121,0.05634407023899257
122,0.009348396502225421
123,0.030163175157327034
124,0.04185592371768398
125,0.038404611008249975
126,0.0330305202709554
127,0.031609047474358075
128,0.03231974262185953
129,0.03335437446020613
130,0.03596737781241818
131,0.04094778302250829
132,0.04569359946477549
133,0.047742693543305195
134,0.048099977525914536
135,0.04654749053110306
136,0.04121670683173565
137,0.03366785169785591
138,0.028795683321437664
139,0.03289400782849628
140,0.04558098210395025
141,0.0583491141352097
142,0.06396442640617422
143,0.06157340981776825
144,0.05694186734498282
145,0.05342169793173687
146,0.04883825987102979
147,0.04508809655801914
148,0.04721834344136615
149,0.05383667356062981
150,0.059264820522868036
151,0.06000966491128864
152,0.056022436661441626
153,0.052320444200889805
154,0.053823098724024104
155,0.05898629595629814
156,0.06242373226804018
157,0.06176727443629999
158,0.0590245038784758
159,0.05721081298556491
160,0.05941372611567888
161,0.06494589127922935
162,0.06798630027182723
163,0.06532732540789524
164,0.06120083921960885
165,0.06132609201371638
166,0.06491814931198245
167,0.06740732211287682
168,0.06839020277283796
169,0.06977176444660363
170,0.0711761339691927
171,0.07053852402615707
172,0.06610399364594356
173,0.059640408905781206
174,0.05561260840268055
175,0.05748365620587284
176,0.06452628379214304
177,0.0707287240782841
178,0.07065568213735031
179,0.06460719061775833
180,0.05795265591918028
181,0.05486461861078181
182,0.05461760070760368
183,0.05625848884850512
184,0.0585953961120157
185,0.058313974613435494
186,0.05438651158879224
187,0.050598590607415485
188,0.04922464989401532
189,0.04941573407367617
190,0.05228076693267693
191,0.056784104841250904
192,0.059666230168132696
193,0.061002781467941906
194,0.06197669365860559
195,0.06147718255202644
196,0.05935379211865585
197,0.05893444198475832
198,0.06172018292069835
199,0.06365606274970687
200,0.060004184130552266
201,0.052875612823540905
202,0.050558648192403036
203,0.05611541313042095
204,0.06161987708289553
205,0.059897240515396244
206,0.05375560886233109
207,0.04870748969908819
208,0.04665387702330987
209,0.0472831192804091
210,0.049330055247375874
211,0.051350763819401395
212,0.052190286527185506
213,0.05208002883111479
214,0.05147987537625962
215,0.04946786298157868
216,0.047004115179443515
217,0.04496026632308993
218,0.04178371682242513
219,0.04006679264628948
220,0.04268875833104746
221,0.045359109254781205
222,0.04479359340476756
223,0.042710280439098164
224,0.04106412744964942
225,0.04091913730170875
226,0.042482181464566934
227,0.04588140383512779
228,0.04908564886247207
229,0.04836545502761802
230,0.04488422498975153
231,0.042970819299702756
232,0.04452846912364189
233,0.04813896069783363
234,0.04914463943739238
235,0.04749343659053174
236,0.04674538492102008
237,0.04551180932689286
238,0.042463156018780535
239,0.03994975258759287
240,0.04144631127930196
241,0.0460996790738589
242,0.04945564358196991
243,0.050075492750154424
244,0.04913249171821245
245,0.04934643648155748
246,0.051955000631760374
247,0.05324261152774529
248,0.0512682502904607
249,0.04849162117539173
250,0.04593201502441352
251,0.045372356532246534
252,0.04836575603041692
253,0.051478844930337005
254,0.051735637072358426
255,0.050056964714124574
0,0.05056502714674782
1,0.05493742820188003
2,0.059121243858582126
3,0.058852588739015846
4,0.05161785527193501
5,0.041242032538841435
6,0.03632901737385474
7,0.03938638211393414
8,0.04734147601270447
9,0.05454231760589266
10,0.055058582767308226
11,0.05013635877570825
12,0.045060382182308865
13,0.04110337071092957
14,0.03776543407087494
15,0.037667811182796634
16,0.042532151292086935
17,0.04822904034097477
18,0.049760654450412375
19,0.046640702548976676
20,0.043903929996429975
21,0.045293362385336114
22,0.04626048841409889
23,0.04379631795398306
24,0.04485808399178296
25,0.051831220413306185
26,0.054853790099296446
27,0.048291576217732265
28,0.037887627300937574
29,0.032046828428758
30,0.03215615663749802
31,0.03204529808891217
32,0.03017400263403204
33,0.03145457231938406
34,0.03774417400152267
35,0.04704377114007763
36,0.05397621832345058
37,0.053545362642310926
38,0.047678744214534774
39,0.0418097849648024
40,0.038590804291564515
41,0.03675102956137126
42,0.03650002286302958
43,0.04044397598876332
44,0.045698346940680735
45,0.047118660641129156
46,0.04702957540613061
47,0.04973150157953167
48,0.05437969731528192
49,0.05702810200390915
50,0.0559881512607774
51,0.0544994951262819
52,0.0560656445185963
53,0.057604592037693414
54,0.051282690656084054
55,0.03841951226381762
56,0.028771181340804593
57,0.028045147201992884
58,0.03517285350580738
59,0.04312836995239514
60,0.046023038808294434
61,0.046277958938047065
62,0.048408149325776806
63,0.05106228159576594
64,0.05084036862794032
65,0.046363886368786265
66,0.04065805017282118
67,0.03850019676408154
68,0.03939470475639164
69,0.04194774947775148
70,0.045799109612438056
71,0.04670968930736359
72,0.041196351042746715
73,0.034283329850906735
74,0.03293000353286941
75,0.037844411253910956
76,0.04333306992947254
77,0.04158851334273982
78,0.03340530302433146
79,0.027065504783209314
80,0.02711619033548507
81,0.032469436969142326
82,0.0381406093745711
83,0.03913406521307965
84,0.03686112406015924
85,0.0363137617564621
86,0.03994090587269296
87,0.04586324705976198
88,0.05008896520883442
89,0.0509613899165961
90,0.04721927901046482
91,0.03780858297719743
92,0.02759106151040684
93,0.022908459909417315
94,0.024696563331172698
95,0.030675607291231425
96,0.03748794358532964
97,0.041840562032062295
98,0.042422745538116625
99,0.040306252005990355
100,0.03787531937573591
101,0.03878011558989247
102,0.044472731095204145
103,0.050800185489912324
104,0.052982611035968255
105,0.049029022000745076
106,0.041012226914709786
107,0.03326788285875208
108,0.027675796547176966
109,0.02588073915051583
110,0.027635747435902115
111,0.030397661968771975
112,0.03409588550064532
113,0.037114846819055684
114,0.03658276936980854
115,0.03324766589512508
116,0.02949740770973902
117,0.02666350972024662
118,0.025595341278901364
119,0.0278060399911004
120,0.031071530809851287
121,0.030232044381468676
122,0.028057740313018855
123,0.029424945475842876
124,0.03155367017159207
125,0.03295657723199372
126,0.035693349863094234
127,0.039277795840892075
128,0.041040450430663095
129,0.03970534083699643
130,0.036566358109422985
131,0.03462674301138373
132,0.03575720929979846
133,0.03864300161710588
134,0.04125011987643694
135,0.04050577170678066
136,0.03475353674820186
137,0.027743238982162577
138,0.024005762188142855
139,0.02395492103005661
140,0.02347611908314734
141,0.020857117483571597
142,0.019274898795043557
143,0.019214244543557343
144,0.018434417638554898
145,0.017461326304749947
146,0.019451001429090183
147,0.023444634214786667
148,0.025687839549895237
149,0.02547035100033868
150,0.023847877271524515
151,0.021952654722868628
152,0.021336742331127048
153,0.0225554544518044
154,0.02350429240193364
155,0.022286748857305996
156,0.01983518048075432
157,0.019613122412096475
158,0.02261223902795144
159,0.025423144200365157
160,0.026572438440326866
161,0.028095371521943302
162,0.028722470608886542
163,0.026154201130697073
164,0.021700776066836746
165,0.015438041009050385
166,0.008999470962301678
167,0.005522295203567298
168,0.004734686502943057
169,0.005804403458693352
170,0.007759081808844864
171,0.008140262782103459
172,0.0067418909768025125
173,0.005792074667182839
174,0.005039242154918494
175,0.00497450633804708
176,0.006761108249892796
177,0.007646704619454242
178,0.007401595757290979
179,0.007280260966216022
180,0.005677464567184282
181,0.004049721417207241
182,0.00700669171314063
183,0.015589674287097921
184,0.023683664791123958
185,0.02438659667357613
186,0.01922617667608236
187,0.014188498496462079
188,0.011702191511946078
189,0.010515628253335463
190,0.008420381668550306
191,0.0054859299596034805
192,0.004539825874732431
193,0.006347887395428881
194,0.008377756808341364
195,0.009232942114735503
196,0.00908736280034207
197,0.00987617784969929
198,0.011453585398381184
199,0.009133266456563566
200,0.003937557012379483
201,0.0008445813104929565
202,0.0011850796270233932
203,0.004724439995726964
204,0.009422281355614601
205,0.01315970024005456
206,0.014175634248465836
207,0.012451558207899992
208,0.01118613947354965
209,0.010931837829855824
210,0.010418482992580594
211,0.010660073252991797
212,0.011606044204476055
213,0.010188223462285075
214,0.006366449747685982
215,0.0054080906073077795
216,0.007573883173486436
217,0.0073132062817340285
218,0.004852801375221176
219,0.005202976315623671
220,0.008090991101652187
221,0.009625718128899369
222,0.00921669403414422
223,0.007669453363367931
224,0.00570360106992676
225,0.0036871775152106274
226,0.004472123629178831
227,0.010905834496159443
228,0.018964379404299507
229,0.023627664723772743
230,0.024971669359004852
231,0.025848982944006643
232,0.02686920540457246
233,0.027808346612726735
234,0.030552045507923724
235,0.03578371817514916
236,0.04087886616476022
237,0.04321588222330588
238,0.043465711509843755
239,0.043664249400077806
240,0.043781031891072145
241,0.04190188480571929
242,0.03678670594593327
243,0.03043672375145717
244,0.028178125865318607
245,0.0317321884024025
246,0.036802229870358374
247,0.03864454957403707
248,0.037452694213338564
249,0.037702194891423416
250,0.03859561783497224
251,0.035235093724223725
252,0.03055568955788796
253,0.029632670989218537
254,0.02966741307367536
255,0.02783780816151414
0,0.025004108412595635
1,0.021805545706795763
2,0.020606388141449942
3,0.023344664530364323
4,0.02520667235182567
5,0.02284426958602387
6,0.02130414267069683
7,0.022570814910023253
8,0.024257516614083475
9,0.02614247550999168
10,0.027096237125861063
11,0.02675348908217519
12,0.027394797529534245
13,0.029257136316858074
14,0.031022297097633586
15,0.03169834250763297
16,0.031231905735153363
17,0.031180876285837846
18,0.033645868152102146
19,0.03527192643074547
20,0.03052782288141509
21,0.025316776787526477
22,0.02417084090313537
23,0.02062507993422935
24,0.01383700500172059
25,0.008805680159306398
26,0.007196614045270061
27,0.009285951914312454
28,0.01535965855082925
29,0.02131518564243337
30,0.021117964952359847
31,0.016986266777922036
32,0.01746346824366759
33,0.023072863388437413
34,0.02605632038903013
35,0.023900574090793096
36,0.018205112912060124
37,0.011807255239530974
38,0.009160317408642054
39,0.008274875700654907
40,0.007738145748742877
41,0.0079363207261256
42,0.009464020581017642
43,0.015105866561583104
44,0.01856890614581904
45,0.016664005796572866
46,0.011514881217163566
47,0.004328644290748511
48,0.000564194187086424
49,0.000307455322030265
50,0.001120459722927194
51,0.0012912085921332774
52,-0.0014976463336446389
53,-0.00473798744611576
54,-0.00627833577689512
55,-0.005127538322916644
56,-0.000648590847019804
57,0.0023987810539815406
58,0.004653285777517434
59,0.009113792390327656
60,0.007607617422953241
61,0.0030795966609478975
62,0.005285666986003702
63,0.00827407673107763
64,0.006964949592760294
65,0.003749061891623953
66,0.0023735992398788187
67,0.00009965815320892718
68,-0.005341138036630676
69,-0.008661453647365067
70,-0.006708332405144662
71,0.0000813669704298331
72,0.0036159255001578655
73,-0.0006458410345909285
74,-0.007983121875531851
75,-0.010642666673316856
76,-0.005266648003745322
77,-0.0025550687261791313
78,-0.007188180540791421
79,-0.011228380442643772
80,-0.014770192647323863
81,-0.021110554797744388
82,-0.02642155403145166
83,-0.026539433749021152
84,-0.021213023309287565
85,-0.013243382203991724
86,-0.006075031117642363
87,-0.002332925892946501
88,-0.00047065951133503856
89,0.0009093426675206469
90,-0.0010721237936138009
91,-0.0070213624081960566
92,-0.015484728756946085
93,-0.021886823017339616
94,-0.021046633682494598
95,-0.018400452589040828
96,-0.02182482630093252
97,-0.028300438851590032
98,-0.02914549484390369
99,-0.023593993822719456
100,-0.022278952592314494
101,-0.027983022955409314
102,-0.03161728666392772
103,-0.030063095323669124
104,-0.02648119311538924
105,-0.02473454815149477
106,-0.026261385540856552
107,-0.02580085940534238
108,-0.020421032175978945
109,-0.017421551885015284
110,-0.022662549410981073
111,-0.030513059032903092
112,-0.035451108233157134
113,-0.03813038055315049
114,-0.038868105047456594
115,-0.03719605110681759
116,-0.03457953848406245
117,-0.03469105801490477
118,-0.03795930753930221
119,-0.043434125555221914
120,-0.04756936183343112
121,-0.04358253875916816
122,-0.03434554113734928
123,-0.03063543802631592
124,-0.03518977578076238
125,-0.0394723611177627
126,-0.03958280196101513
127,-0.03834091200425971
128,-0.033367116396872565
129,-0.024600594613514493
130,-0.018344374947089237
131,-0.017142751499309473
132,-0.017811876224342278
133,-0.01858853182750219
134,-0.020934507282918853
135,-0.024173710762615735
136,-0.02638237077116072
137,-0.028169844265713118
138,-0.03071648253053985
139,-0.030906632743457924
140,-0.02722584996554646
141,-0.025368129196857686
142,-0.026834139897612297
143,-0.027259874776330278
144,-0.025517697216771745
145,-0.025662263045460723
146,-0.029581135083967994
147,-0.03164986127147362
148,-0.029635287088954604
149,-0.02570058176970763
150,-0.02062916998438577
151,-0.014911586878236058
152,-0.009603203804086621
153,-0.005582750247915512
154,-0.0017417862043127424
155,-0.0009430876402708975
156,-0.005024044113331343
157,-0.009995174837620954
158,-0.013687291422248588
159,-0.016282567139337817
160,-0.017488495591336348
161,-0.015411894563407275
162,-0.010323593550173711
163,-0.006604430466710762
164,-0.005744457000478775
165,-0.0051939026528573275
166,-0.002796734883203554
167,0.002484173158915026
168,0.007292908859128698
169,0.00626206217370949
170,0.0024904026372143187
171,0.0035030901386000957
172,0.006737357915218767
173,0.005264509406391284
174,0.00019487326206253305
175,-0.0037380695618103484
176,-0.005504352146785397
177,-0.004493490729156106
178,-0.00009493568821261969
179,0.0031817599887259407
180,0.0030398001176186393
181,0.0015701839335822906
182,0.0008768082044179615
183,0.002908206020977796
184,0.005424488026336029
185,0.006490146028602775
186,0.007536372517787764
187,0.0067721789542085735
188,0.003604273619798655
189,0.0006218148372293467
190,-0.0009631071886626909
191,-0.0006883638982554084
192,0.0002823249222699692
193,0.00189217733954428
194,0.0027530473262576023
195,0.0007371685105468026
196,-0.0019675555763982236
197,-0.003830888613749802
198,-0.00508348153278999
199,-0.007058318940808148
200,-0.010489544813871834
201,-0.012691775481999588
202,-0.010173089161892822
203,-0.005058167251901578
204,-0.0023308507661484457
205,-0.0024216099515840406
206,-0.001991681437704132
207,-0.000956659571045973
208,-0.00228404729119934
209,-0.0034315926319669135
210,-0.0013675254490004424
211,0.0010124410301920808
212,0.0005266051287860923
213,-0.0017109713629566911
214,-0.0033818398049724196
215,-0.002953813616618884
216,-0.0030194656785015803
217,-0.00726678663992077
218,-0.009718030878143373
219,-0.005537297243747991
220,-0.0012585551686790514
221,0.00007344901927762437
222,0.0020498030376448345
223,0.0030482383562613208
224,0.00043910999485048674
225,-0.0029989207535337757
226,-0.003846923798136878
227,-0.00017623974241981477
228,0.0061715371152931894
229,0.00937530298342596
230,0.008083535007881233
231,0.004621928498326211
232,0.0006530194680115162
233,0.0002870148372192474
234,0.005747214141896759
235,0.013664494920434339
236,0.020667287587111248
237,0.02471164813948249
238,0.025574440513993206
239,0.025371478363996156
240,0.024156544982083694
241,0.02169614327321323
242,0.020520993814402685
243,0.02255798214050457
244,0.02395829701874952
245,0.022294932583933086
246,0.01978984927378881
247,0.014471727410398115
248,0.006949956517345701
249,0.001650889219273477
250,-0.0009415758489086518
251,-0.0007039748715879438
252,0.0020177100372719033
253,0.0052999046052302
254,0.007324883818976398
255,0.008303271221121518
0,0.008975031846886333
1,0.008989766124496354
2,0.00899859990356916
3,0.008569775841731492
4,0.009453635637658733
5,0.012383581172675816
6,0.013634993426599226
7,0.011587263947440297
8,0.006725251235091878
9,0.000811674661113225
10,-0.003956256967964231
11,-0.005931035984437338
12,-0.004761439807110773
13,-0.002222972953642127
14,-0.0005500743587354279
15,-0.0016340098752265844
16,-0.005545509510585252
17,-0.008905528898115016
18,-0.010031130068169775
19,-0.009992029094264361
20,-0.007304403314610292
21,-0.0037232025462469905
22,-0.002646864639168441
23,-0.0021574723786212217
24,-0.0007674303500338937
25,0.00013370887320714175
26,-0.001329490582698968
27,-0.0035342101275023952
28,-0.0029227035294700603
29,-0.0012924974074543863
30,-0.0028272385765464106
31,-0.006505786550686968
32,-0.008849366995860333
33,-0.009348556623952745
34,-0.00889273280334122
35,-0.00839602400798592
36,-0.00870733390846011
37,-0.0113013467977163
38,-0.01494908887710648
39,-0.01530223333478136
40,-0.01268181751355434
41,-0.009666700825130704
42,-0.005677915761478053
43,-0.0023664764545260134
44,-0.003818042286142194
45,-0.008761495646629765
46,-0.012333872962755017
47,-0.013729045093321336
48,-0.015341109139755112
49,-0.01717890744649457
50,-0.018389207481057553
51,-0.01987114793298672
52,-0.021173815629328407
53,-0.022397092564422627
54,-0.02383201602532159
55,-0.022142609628541005
56,-0.01814312242953322
57,-0.014654360424449925
58,-0.010124039363623933
59,-0.005387908972877503
60,-0.004234870242292601
61,-0.006240442796703549
62,-0.007008272424173201
63,-0.007329992420859972
64,-0.008403835220038704
65,-0.006966444272482525
66,-0.002874216389470635
67,0.00237166657978425
68,0.006871908251161699
69,0.008085954609978536
70,0.007539702348724982
71,0.009091207434524462
72,0.011507933922108776
73,0.010385744062617483
74,0.00611795884229413
75,0.0016753103557879574
76,-0.0004732454096648825
77,0.0005692964395918737
78,0.001971870744050641
79,0.001846407199166171
80,0.0020267674862107614
81,0.0028645214521482443
82,0.004141557430890688
83,0.006115206676582219
84,0.007490503364382131
85,0.008141379580685067
86,0.008826148543938497
87,0.011245162971114742
88,0.014570365483950047
89,0.01603184741059996
90,0.015108781456535627
91,0.012021401452852395
92,0.00880075204052233
93,0.008244329459498961
94,0.009745662054072304
95,0.011251136764375003
96,0.012587108937469844
97,0.01465773131742069
98,0.017666172221268622
99,0.017980807849808576
100,0.013435466433077976
101,0.008641832641180278
102,0.008454139297540478
103,0.011539489332101471
104,0.013563622984024457
105,0.014868595752143311
106,0.018759735010155425
107,0.022631695159679686
108,0.021011620138999626
109,0.015522239806349862
110,0.011331433592807208
111,0.00961979680355693
112,0.009754548430855242
113,0.010839007766766579
114,0.009067751872483168
115,0.003464768480952937
116,-0.0008687958772518878
117,-0.0008743968405030417
118,0.0020472195396797482
119,0.005534004479931159
120,0.008688440245449396
121,0.012778685632044387
122,0.017991233880691473
123,0.021421751571953
124,0.02060949006685217
125,0.017791740429310587
126,0.015559862470467228
127,0.012995402425091819
128,0.010386282132192292
129,0.009260114879490484
130,0.008910346826875457
131,0.007860370871456586
132,0.008286592597126607
133,0.011338959527169831
134,0.012990749660689742
135,0.01191191080235603
136,0.009385213898476925
137,0.004938263740454732
138,-0.00015178727389086877
139,-0.0019067024214546868
140,0.0011348846471078856
141,0.006981249691005657
142,0.012817707639592177
143,0.017311651800527343
144,0.02062772438817962
145,0.02191856564489955
146,0.021861755874150346
147,0.022544748217762145
148,0.02281982609692987
149,0.019866064963181745
150,0.015909205649562524
151,0.015333251982499116
152,0.016707193240088555
153,0.016823505135141484
154,0.01606975363785479
155,0.015739033309168503
156,0.015216118670160941
157,0.013595898838709042
158,0.010336217641820494
159,0.006037436282113229
160,0.003196639667036108
161,0.003348176053263145
162,0.006541201059444682
163,0.010119528658463703
164,0.01161487146644083
165,0.012952335459781646
166,0.015085649643681746
167,0.015280576584380645
168,0.012077582589111027
169,0.009599448469124694
170,0.011442067287599722
171,0.013489390598100587
172,0.012410203585773757
173,0.010307237845190609
174,0.00711757875370167
175,0.0029098967067523046
176,0.0004596940515586012
177,0.0002642573161809672
178,0.0014858240753106294
179,0.0028555478419178687
180,0.0022850906991579295
181,-0.00030583610624551616
182,-0.002913310701658449
183,-0.0036707153163688527
184,-0.003390172766031832
185,-0.004461014710646999
186,-0.006571097544189483
187,-0.0075788973063225795
188,-0.006378595373934995
189,-0.003164993539089188
190,-0.0011195776084954936
191,-0.003459368044844459
192,-0.00655210250347546
193,-0.005650309684684995
194,-0.002332921337232119
195,0.0006197404954031219
196,0.002386428396521513
197,0.0033752908623857006
198,0.005115615125694195
199,0.0076344168762135095
200,0.010474388122396275
201,0.012520865066158644
202,0.011964822616087334
203,0.008958061791976536
204,0.0045200367928766826
205,-0.00024918217381064006
206,-0.00453984225708063
207,-0.007266719752437666
208,-0.007316391283629493
209,-0.004657582368622865
210,-0.0007111445153607059
211,0.0016003777251330162
212,0.0011062573881867183
213,0.00017714358026899024
214,0.0008593054462228758
215,0.002282373654997994
216,0.003269008116279268
217,0.0038533416887173155
218,0.003333365425451852
219,0.001429661432639593
220,-0.0005171418765597402
221,-0.0027001231046352506
222,-0.003959322173788596
223,-0.0034957674043357284
224,-0.004511808386261362
225,-0.007522250269247136
226,-0.009724636923487396
227,-0.008525363129774918
228,-0.004055890042019273
229,-0.0006314738872894299
230,-0.0029561687662735536
231,-0.00931120378202481
232,-0.014234873186938078
233,-0.016631183142619632
234,-0.017179019007980703
235,-0.014800696552925721
236,-0.009827348085151677
237,-0.00544529162282778
238,-0.0038112603301027406
239,-0.004782939337583392
240,-0.0061814941717423764
241,-0.00571302739038467
242,-0.0059939805632947
243,-0.008553596767785115
244,-0.009850637294917978
245,-0.007397588785755381
246,-0.0033959440768983676
247,-0.003031545653830778
248,-0.0062562351003932
249,-0.008121335290930131
250,-0.006100316786674571
251,-0.0023981650674082325
252,-0.0005936762074368572
253,-0.002072445298721949
254,-0.005594732395391957
255,-0.009590863561775714
0,-0.012738510837176246
1,-0.01223795475493051
2,-0.009796679398636383
3,-0.009983109275450555
4,-0.011309454681231935
5,-0.01053695542804053
6,-0.009068994119179009
7,-0.007402671707919584
8,-0.00333473009096762
9,0.0017509131853265334
10,0.003357689541365389
11,0.00023598501600004436
12,-0.0025042839555895827
13,-0.00022196086589146204
14,0.005822787733488336
15,0.012467163434355711
16,0.016489698947353894
17,0.01662743504504584
18,0.013795840241888152
19,0.009967223746552803
20,0.00845707371388954
21,0.0089525692904465
22,0.009762564221884693
23,0.010960604502457828
24,0.011010327218518343
25,0.009602852362854814
26,0.008997996833964395
27,0.010243237352718416
28,0.012168334768016806
29,0.013965080740770616
30,0.01511171696395662
31,0.013711141715240988
32,0.010766619772829202
33,0.00878230523420806
34,0.008306952348742548
35,0.00976900800232438
36,0.012099895776856162
37,0.013376328563343604
38,0.012622582703428531
39,0.010301342610130104
40,0.007408617203987514
41,0.004974597819478094
42,0.003189910677217904
43,0.00041499270369189933
44,-0.0018888767040800905
45,-0.0016658435019541382
46,0.00023552681983672608
47,0.0025201781555624844
48,0.0026210275208612827
49,-0.0011477799365810434
50,-0.007687279922904938
51,-0.01110932933040061
52,-0.006820584817366866
53,-0.00022365850772691764
54,0.0010196951098878082
55,-0.004070778479242726
56,-0.010894213559186294
57,-0.014917009539528167
58,-0.015554144286301093
59,-0.014822845685946703
60,-0.012925249325206077
61,-0.010380732018790653
62,-0.011085104420100592
63,-0.015557293083400231
64,-0.0195915284255323
65,-0.021458935572334456
66,-0.022239941732251384
67,-0.022365183260707924
68,-0.021122166090017137
69,-0.018567515151399858
70,-0.01582022528411524
71,-0.013701976444820865
72,-0.013719922560012893
73,-0.01568320855525413
74,-0.01634231809841802
75,-0.016030416872327334
76,-0.01927275650370506
77,-0.02361275157712927
78,-0.023629175434057376
79,-0.022463515638596457
80,-0.02477615061312855
81,-0.02828059819521747
82,-0.02893737083565183
83,-0.02919250351669435
84,-0.03168385689613251
85,-0.033659990442300836
86,-0.033137123303876
87,-0.030220161380049668
88,-0.02652006956144301
89,-0.024361035435466624
90,-0.023622503314953358
91,-0.023863272904510527
92,-0.025322108999623102
93,-0.026313571197619665
94,-0.025140179582591987
95,-0.022720361307988518
96,-0.022504592415934693
97,-0.026341196832297256
98,-0.03114395285347435
99,-0.03303593272704207
100,-0.030107381833884866
101,-0.022735997918752776
102,-0.015040648360402448
103,-0.01073492210678234
104,-0.009723610010633293
105,-0.010210765684430093
106,-0.01258533176562875
107,-0.016437938418232448
108,-0.017507374896588955
109,-0.015707185094845776
110,-0.014405020103764335
111,-0.012921150381909052
112,-0.010644778929294232
113,-0.00959903719471425
114,-0.01122243758315896
115,-0.016525827330109013
116,-0.022090654928329477
117,-0.023354171362561953
118,-0.021838748817422315
119,-0.021294588100488024
120,-0.021991596316763257
121,-0.02183473184048862
122,-0.020851288032079057
123,-0.019812387258340558
124,-0.019100959639338194
125,-0.019197547199305325
126,-0.020009106373532197
127,-0.020195741878261758
128,-0.0178678007124934
129,-0.013241263228659456
130,-0.009411559045991905
131,-0.008209125442822512
132,-0.00908672484642202
133,-0.01092216580040252
134,-0.01134456729491256
135,-0.010090015912054572
136,-0.008200646103883227
137,-0.005826066831456714
138,-0.004007765243429176
139,-0.004124995193745873
140,-0.006823720489073606
141,-0.009545076109114967
142,-0.010177317187527402
143,-0.010905503234605082
144,-0.012988413659996995
145,-0.014128277121881791
146,-0.012670477134789158
147,-0.009858687037350933
148,-0.007432539095920274
149,-0.006451466505491006
150,-0.006447173639157547
151,-0.00604716512838098
152,-0.0047987066730631744
153,-0.003988372562366595
154,-0.004931920816769769
155,-0.00688835832757536
156,-0.008325993168374152
157,-0.008495425963470561
158,-0.009321589414723858
159,-0.01151353745798886
160,-0.013010452055595145
161,-0.01325266500576211
162,-0.011343978684400693
163,-0.006630269900422106
164,-0.0007423495454196849
165,0.004261922654625799
166,0.007519453895721312
167,0.008775160758341366
168,0.006764448667466172
169,0.003042704075549317
170,0.000660249016667426
171,-0.0028111765029541075
172,-0.008318307640949693
173,-0.011896494509510802
174,-0.013229822816826498
175,-0.014602301399390127
176,-0.016818098787609453
177,-0.019880784398218915
178,-0.02248306161169763
179,-0.02435415765408463
180,-0.026801579223291946
181,-0.02906775087239495
182,-0.031281107017648385
183,-0.034734901191112125
184,-0.037728072367127
185,-0.03854536365417048
186,-0.03723585355400054
187,-0.03264311453693057
188,-0.024701169333455578
189,-0.01853387807736534
190,-0.018674107893187825
191,-0.023439666472472226
192,-0.028350043447489266
193,-0.03031016591042602
194,-0.029276099768257742
195,-0.027199416459688215
196,-0.024185641406600164
197,-0.019367592441210765
198,-0.015561560710004599
199,-0.01463804110994002
200,-0.013019020725467532
201,-0.008558400223813645
202,-0.003329425897381895
203,0.0009730642371664003
204,0.004711341415148389
205,0.0069941816309145935
206,0.004939818447330725
207,0.00025679544880836784
208,-0.002592543532825054
209,-0.0020937993307167807
210,0.0003183573655754189
211,0.001505894557214416
212,0.0007911872199510023
213,0.001183968016385156
214,0.006160129820171232
215,0.014769681784626853
216,0.02238562953745977
217,0.026486742672963703
218,0.027681949256753838
219,0.026803335312026014
220,0.02464839649466767
221,0.023054604511676277
222,0.02319098249124886
223,0.0250095763994099
224,0.027829092710103864
225,0.029746822267914332
226,0.02874510044021652
227,0.025600206034388007
228,0.02328554815684626
229,0.02236576836472516
230,0.020724982319473187
231,0.01810961504797201
232,0.01640859526621856
233,0.01637582063054293
234,0.01617914784643579
235,0.014746440627228869
236,0.01415099344700788
237,0.016251114553688373
238,0.019828082375305672
239,0.022258182755903702
240,0.022806591140558913
241,0.02353530157153501
242,0.025638873376742782
243,0.026300277018123805
244,0.023193988109089486
245,0.017778249105342685
246,0.011190266495977572
247,0.003958961744459175
248,-0.00037091678018847177
249,0.0014399697512443056
250,0.00785814654873055
251,0.014773679747001417
252,0.019256815807861746
253,0.020235596578706643
254,0.01859062492167813
255,0.01725898819628728
0,0.017867367682034674
1,0.01892445287627742
2,0.019047501222823976
3,0.01744425080772545
4,0.013917538250763313
5,0.01026217321725438
6,0.008186426493988621
7,0.00783066201892019
8,0.008974893332439806
9,0.01076175709131049
10,0.011752672732797988
11,0.012158424231990338
12,0.011454141408214026
13,0.009292973005280342
14,0.009214404371986125
15,0.012922154238189877
16,0.016879083663901825
17,0.017005885861987
18,0.013804758378749542
19,0.010648423293745827
20,0.009460957842310179
21,0.010021093878075038
22,0.01003509641289882
23,0.008102025810553616
24,0.005213201236330678
25,0.0025576396662916334
26,-0.0002227321412240045
27,-0.003113026601009615
28,-0.0038092065120252615
29,-0.0018838707824334854
30,0.0010809794572860555
31,0.005103987772574413
32,0.009522406328885239
33,0.0126276336994792
34,0.013447756266762208
35,0.011327540763972459
36,0.007705069387191649
37,0.004924026813490565
38,0.0032711018248609315
39,0.0020971311354180764
40,0.0016365012204941909
41,0.003711617807104054
42,0.008720331736906617
43,0.014151950157184161
44,0.01736718619166324
45,0.017579255672227484
46,0.01610186258901651
47,0.014510870022412956
48,0.013099022090114307
49,0.013073989114043921
50,0.016770882539057154
51,0.022414344524630578
52,0.02616244287640752
53,0.026167095055487706
54,0.023310757011805926
55,0.020698244878270294
56,0.01825414808038331
57,0.01393795219811636
58,0.00948063532840121
59,0.008941280801181672
60,0.011791701976762936
61,0.01330237604974674
62,0.012475221961051233
63,0.012710376714171231
64,0.014770175477254274
65,0.01668379183450447
66,0.01970902799978108
67,0.024635649932478854
68,0.027971341127861454
69,0.02801574173732256
70,0.027354686303427935
71,0.02761098165841618
72,0.02724380927359049
73,0.024494791300662507
74,0.020433059385229657
75,0.01707819953228326
76,0.014998386506305084
77,0.01516543263437592
78,0.016369436281743963
79,0.014517928184284122
80,0.009389729928100152
81,0.005769626215196888
82,0.007585447287031408
83,0.012812762757826897
84,0.016370325038422007
85,0.01792502193008995
86,0.020515142630025338
87,0.024303939939481656
88,0.028223800501502277
89,0.030760527333008755
90,0.028462435168998892
91,0.022423182346263674
92,0.01717405980048128
93,0.014141292538892652
94,0.013306194967263582
95,0.015017166419054054
96,0.019904360496116914
97,0.02488904785922791
98,0.02452621618037909
99,0.020325964647013403
100,0.017524141622109177
101,0.016903827090631346
102,0.014678803943196421
103,0.010170658992674279
104,0.008849888876037923
105,0.010795631324979887
106,0.012296137124492562
107,0.014549658396469328
108,0.01789783563209295
109,0.02019116316112135
110,0.020611016704810983
111,0.02083887741502327
112,0.022747317637930198
113,0.022313706251980384
114,0.01579581713393241
115,0.007531628894313566
116,0.003049897024601185
117,0.0031242979647256724
118,0.005757863856371073
119,0.009525288423623858
120,0.013805013307547104
121,0.018071385106828156
122,0.02157947404342013
123,0.024525036921787174
124,0.02723667951260271
125,0.028822643726539712
126,0.03228707551000437
127,0.037719893192229945
128,0.03681516236934068
129,0.02883935000716205
130,0.021306288804455162
131,0.019031304176943376
132,0.021473882601049862
133,0.022933063692432157
134,0.020563828906944304
135,0.017027917170163498
136,0.015124676534531714
137,0.01715484196311169
138,0.023000915021740266
139,0.027246011794160613
140,0.026775592590306346
141,0.02534265765282767
142,0.025869396913139026
143,0.027483501815066022
144,0.029273243476618277
145,0.031010111240011476
146,0.0314979868950471
147,0.02956431753497131
148,0.027071290376453554
149,0.028004506720180067
150,0.030141638391199176
151,0.028029524120384133
152,0.024804609542489364
153,0.025941610014677527
154,0.028056660443071035
155,0.026766090388733996
156,0.025521299123793736
157,0.025564410121246023
158,0.02388362622076696
159,0.02254028088885316
160,0.02542750137258378
161,0.03192335032802745
162,0.03745932662497943
163,0.037145242694249306
164,0.0331470642823639
165,0.03150155092021459
166,0.031805477219539774
167,0.029975494067872102
168,0.024874654619421968
169,0.02013252627368517
170,0.018187902515598868
171,0.01753746370746978
172,0.019882080670449737
173,0.02427248910899306
174,0.022255364788063205
175,0.014181941196980893
176,0.009566674948514778
177,0.011524903618928606
178,0.016939291242756525
179,0.022136381078355583
180,0.024602217763451478
181,0.022664837800919914
182,0.018769010759364487
183,0.018788995384518302
184,0.022223260252968904
185,0.026189172744603917
186,0.030728084970382902
187,0.03294699774466317
188,0.029181459268321303
189,0.02213940047777508
190,0.019499495263664422
191,0.02014099966560525
192,0.01653776109570789
193,0.010747491618346382
194,0.009312445682387559
195,0.013414380416392792
196,0.019225004359162287
197,0.022468147312141827
198,0.022253673619506142
199,0.02008552245823368
200,0.019966152643661854
201,0.022919131077503777
202,0.024635415605626834
203,0.023212331306037823
204,0.018200099682341764
205,0.012970999573079164
206,0.012798768771296348
207,0.01560021060775674
208,0.017483501433430346
209,0.017955659112437027
210,0.015830225195296102
211,0.009153398821797006
212,0.0006178623218093884
213,-0.0011257968857831258
214,0.006929441007880163
215,0.015224535309038362
216,0.018290039305888225
217,0.02102758601309843
218,0.024118518622260665
219,0.023529229830018348
220,0.021277013118046917
221,0.0212732967800445
222,0.01920262472728182
223,0.011753485382387546
224,0.006172351873397652
225,0.00911734572762224
226,0.016522445596529614
227,0.021213612855731576
228,0.023344988553447438
229,0.026404319080009425
230,0.029346077359006545
231,0.02906641540131949